pdb	Bchain	Achain	Gchain	Dchain	TCRtype	model	antigen_chain	antigen_type	antigen_name	antigen_het_name	mhc_type	mhc_chain1	mhc_chain2	docking_angle	beta_subgroup	alpha_subgroup	gamma_subgroup	delta_subgroup	short_header	date	compound	beta_organism	alpha_organism	gamma_organism	delta_organism	antigen_organism	mhc_chain1_organism	mhc_chain2_organism	authors	resolution	method	r_free	r_factor	affinity	affinity_method	affinity_temperature	affinity_pmid	engineered
2ak4	E	D	NA	NA	abTCR	0	C	peptide	ebv peptide lpeplpqgqltay	NA	MH1	A	B	71.108	TRBV6	TRAV19	NA	NA	IMMUNE SYSTEM	10/11/05	Crystal Structure of SB27 TCR in complex with HLA-B*3508-13mer peptide	homo sapiens	homo sapiens				homo sapiens	homo sapiens	Tynan, F.E., Burrows, S.R., Buckle, A.M., Clements, C.S., Borg, N.A., Miles, J.J., Beddoe, T., Whisstock, J.C., Wilce, M.C., Silins, S.L., Burrows, J.M., Kjer-Nielsen, L., Konstenko, L., Purcell, A.W., McCluskey, J., Rossjohn, J.	2.5	X-RAY DIFFRACTION	0.278	0.246					True
2ak4	J	I	NA	NA	abTCR	0	H	peptide	ebv peptide lpeplpqgqltay	NA	MH1	F	G	70.586	TRBV6	TRAV19	NA	NA	IMMUNE SYSTEM	10/11/05	Crystal Structure of SB27 TCR in complex with HLA-B*3508-13mer peptide	homo sapiens	homo sapiens				homo sapiens	homo sapiens	Tynan, F.E., Burrows, S.R., Buckle, A.M., Clements, C.S., Borg, N.A., Miles, J.J., Beddoe, T., Whisstock, J.C., Wilce, M.C., Silins, S.L., Burrows, J.M., Kjer-Nielsen, L., Konstenko, L., Purcell, A.W., McCluskey, J., Rossjohn, J.	2.5	X-RAY DIFFRACTION	0.278	0.246					True
2ak4	P	N	NA	NA	abTCR	0	M	peptide	ebv peptide lpeplpqgqltay	NA	MH1	K	L	66.835	TRBV6	TRAV19	NA	NA	IMMUNE SYSTEM	10/11/05	Crystal Structure of SB27 TCR in complex with HLA-B*3508-13mer peptide	homo sapiens	homo sapiens				homo sapiens	homo sapiens	Tynan, F.E., Burrows, S.R., Buckle, A.M., Clements, C.S., Borg, N.A., Miles, J.J., Beddoe, T., Whisstock, J.C., Wilce, M.C., Silins, S.L., Burrows, J.M., Kjer-Nielsen, L., Konstenko, L., Purcell, A.W., McCluskey, J., Rossjohn, J.	2.5	X-RAY DIFFRACTION	0.278	0.246					True
2ak4	U	T	NA	NA	abTCR	0	S	peptide	ebv peptide lpeplpqgqltay	NA	MH1	Q	R	68.113	TRBV6	TRAV19	NA	NA	IMMUNE SYSTEM	10/11/05	Crystal Structure of SB27 TCR in complex with HLA-B*3508-13mer peptide	homo sapiens	homo sapiens				homo sapiens	homo sapiens	Tynan, F.E., Burrows, S.R., Buckle, A.M., Clements, C.S., Borg, N.A., Miles, J.J., Beddoe, T., Whisstock, J.C., Wilce, M.C., Silins, S.L., Burrows, J.M., Kjer-Nielsen, L., Konstenko, L., Purcell, A.W., McCluskey, J., Rossjohn, J.	2.5	X-RAY DIFFRACTION	0.278	0.246					True
5eu6	E	D	NA	NA	abTCR	0	C	peptide	tyr-leu-glu-pro-gly-pro-val-thr-val	NA	MH1	A	B	47.784	TRBV7	TRAV21	NA	NA	IMMUNE SYSTEM	03/02/16	HLA Class I antigen	homo sapiens	homo sapiens			synthetic construct	homo sapiens	homo sapiens	Rizkallah, P.J., Bianchi, V., Cole, D.K., Sewell, A.K.	2.02	X-RAY DIFFRACTION	0.222	0.181					True
7pbe	J	I	NA	NA	abTCR	0	H	peptide	spike protein s1	NA	MH1	F	G	49.843	TRBV7	TRAV12	NA	NA	IMMUNE SYSTEM	04/27/22	Emergence of immune escape at dominant SARS-CoV-2 killer T-cell epitope	homo sapiens	homo sapiens			severe acute respiratory syndrome coronavirus2 	homo sapiens	homo sapiens	Rizkallah, P.J., Sewell, A.K., Wall, A., Fuller, A.	3	X-RAY DIFFRACTION	0.296	0.228					True
7pbe	E	D	NA	NA	abTCR	0	C	peptide	spike protein s1	NA	MH1	A	B	52.285	TRBV7	TRAV12	NA	NA	IMMUNE SYSTEM	04/27/22	Emergence of immune escape at dominant SARS-CoV-2 killer T-cell epitope	homo sapiens	homo sapiens			severe acute respiratory syndrome coronavirus2 	homo sapiens	homo sapiens	Rizkallah, P.J., Sewell, A.K., Wall, A., Fuller, A.	3	X-RAY DIFFRACTION	0.296	0.228					True
8eo8	E	D	NA	NA	abTCR	0	C	peptide	nucleoprotein np8 epitope	NA	MH1	A	B	41.527	TRBV20	TRAV13	NA	NA	IMMUNE SYSTEM	03/27/24	Cross-reactive 3180 TCR recognition of HLA-B*35:01-NP8 epitope from 2005 H1N1 influenza strain	homo sapiens	homo sapiens			influenza a virus	homo sapiens	homo sapiens	Littler, D.R., Rossjohn, J.	2.3	X-RAY DIFFRACTION	0.219	0.181					True
8eo8	J	I	NA	NA	abTCR	0	H	peptide	nucleoprotein np8 epitope	NA	MH1	F	G	42.291	TRBV20	TRAV13	NA	NA	IMMUNE SYSTEM	03/27/24	Cross-reactive 3180 TCR recognition of HLA-B*35:01-NP8 epitope from 2005 H1N1 influenza strain	homo sapiens	homo sapiens			influenza a virus	homo sapiens	homo sapiens	Littler, D.R., Rossjohn, J.	2.3	X-RAY DIFFRACTION	0.219	0.181					True
8eo8	O	N	NA	NA	abTCR	0	M	peptide	nucleoprotein np8 epitope	NA	MH1	K	L	42.456	TRBV20	TRAV13	NA	NA	IMMUNE SYSTEM	03/27/24	Cross-reactive 3180 TCR recognition of HLA-B*35:01-NP8 epitope from 2005 H1N1 influenza strain	homo sapiens	homo sapiens			influenza a virus	homo sapiens	homo sapiens	Littler, D.R., Rossjohn, J.	2.3	X-RAY DIFFRACTION	0.219	0.181					True
8eo8	T	S	NA	NA	abTCR	0	R	peptide	nucleoprotein np8 epitope	NA	MH1	P	Q	42.370	TRBV20	TRAV13	NA	NA	IMMUNE SYSTEM	03/27/24	Cross-reactive 3180 TCR recognition of HLA-B*35:01-NP8 epitope from 2005 H1N1 influenza strain	homo sapiens	homo sapiens			influenza a virus	homo sapiens	homo sapiens	Littler, D.R., Rossjohn, J.	2.3	X-RAY DIFFRACTION	0.219	0.181					True
5wkh	J	I	NA	NA	abTCR	0	H	peptide	gts3 peptide	NA	MH1	F	G	39.564	TRBV11	TRAV30	NA	NA	IMMUNE SYSTEM	09/20/17	D30 TCR in complex with HLA-A*11:01-GTS3	homo sapiens	homo sapiens			dengue virus 3	homo sapiens	homo sapiens	Gras, S., Rossjohn, J.	3.2	X-RAY DIFFRACTION	0.246	0.177					True
5wkh	E	D	NA	NA	abTCR	0	C	peptide	gts3 peptide	NA	MH1	A	B	39.234	TRBV11	TRAV30	NA	NA	IMMUNE SYSTEM	09/20/17	D30 TCR in complex with HLA-A*11:01-GTS3	homo sapiens	homo sapiens			dengue virus 3	homo sapiens	homo sapiens	Gras, S., Rossjohn, J.	3.2	X-RAY DIFFRACTION	0.246	0.177					True
3w0w	E	D	NA	NA	abTCR	0	C	peptide	10-mer peptide from protein nef	NA	MH1	A	B	nan	TRBV27	TRAV12	NA	NA	IMMUNE SYSTEM	11/06/13	The complex between T36-5 TCR and HLA-A24 bound to HIV-1 Nef134-10(2F) peptide in space group P212121	homo sapiens	homo sapiens			human immunodeficiency virus 1	homo sapiens	homo sapiens	Shimizu, A., Fukai, S., Yamagata, A., Iwamoto, A.	2.603	X-RAY DIFFRACTION	0.250	0.186					True
5w1v	T	S	NA	NA	abTCR	0	R	peptide	vmaprtlil peptide from cmv gpul40	NA	MH1	P	Q	59.853	TRBV9	TRAV35	NA	NA	IMMUNE SYSTEM	10/04/17	Structure of the HLA-E-VMAPRTLIL/GF4 TCR complex	homo sapiens	homo sapiens			human herpesvirus 5 strain ad169	homo sapiens	homo sapiens	Gras, S., Walpole, N., Farenc, C., Rossjohn, J.	3.31	X-RAY DIFFRACTION	0.268	0.225					True
5w1v	O	N	NA	NA	abTCR	0	M	peptide	vmaprtlil peptide from cmv gpul40	NA	MH1	K	L	68.607	TRBV9	TRAV35	NA	NA	IMMUNE SYSTEM	10/04/17	Structure of the HLA-E-VMAPRTLIL/GF4 TCR complex	homo sapiens	homo sapiens			human herpesvirus 5 strain ad169	homo sapiens	homo sapiens	Gras, S., Walpole, N., Farenc, C., Rossjohn, J.	3.31	X-RAY DIFFRACTION	0.268	0.225					True
5w1v	E	D	NA	NA	abTCR	0	C	peptide	vmaprtlil peptide from cmv gpul40	NA	MH1	A	B	69.343	TRBV9	TRAV35	NA	NA	IMMUNE SYSTEM	10/04/17	Structure of the HLA-E-VMAPRTLIL/GF4 TCR complex	homo sapiens	homo sapiens			human herpesvirus 5 strain ad169	homo sapiens	homo sapiens	Gras, S., Walpole, N., Farenc, C., Rossjohn, J.	3.31	X-RAY DIFFRACTION	0.268	0.225					True
5w1v	J	I	NA	NA	abTCR	0	H	peptide	vmaprtlil peptide from cmv gpul40	NA	MH1	F	G	69.083	TRBV9	TRAV35	NA	NA	IMMUNE SYSTEM	10/04/17	Structure of the HLA-E-VMAPRTLIL/GF4 TCR complex	homo sapiens	homo sapiens			human herpesvirus 5 strain ad169	homo sapiens	homo sapiens	Gras, S., Walpole, N., Farenc, C., Rossjohn, J.	3.31	X-RAY DIFFRACTION	0.268	0.225					True
6avf	B	A	NA	NA	abTCR	0	P	peptide	ala-pro-arg-gly-pro-his-gly-gly-ala-ala-ser-gly-leu	NA	MH1	H	M	40.558	TRBV28	TRAV4	NA	NA	IMMUNE SYSTEM	02/28/18	Crystal structure of the KFJ5 TCR-NY-ESO-1-HLA-B*07:02 complex	homo sapiens	homo sapiens			homo sapiens	homo sapiens	homo sapiens	Gully, B.S., Gras, S., Rossjohn, J.	2.028	X-RAY DIFFRACTION	0.256	0.204					True
5nht	B	A	NA	NA	abTCR	0	P	peptide	melanoma antigen recognized by t-cells 1	NA	MH1	H	L	34.791	TRBV19	TRAV12	NA	NA	IMMUNE SYSTEM	05/16/18	human 199.54-16 TCR in complex with Melan-A/MART-1 (26-35) peptide and HLA-A2	homo sapiens	homo sapiens			homo sapiens	homo sapiens	homo sapiens	Exertier, C., Reiser, J.-B., Lantez, V., Chouquet, A., Bonneville, M., Saulquin, X., Housset, D.	3.2	X-RAY DIFFRACTION	0.299	0.213					True
2p5e	E	D	NA	NA	abTCR	0	C	peptide	cancer/testis antigen 1b	NA	MH1	A	B	66.648	TRBV6	TRAV21	NA	NA	IMMUNE SYSTEM	09/25/07	Crystal Structures of High Affinity Human T-Cell Receptors Bound to pMHC Reveal Native Diagonal Binding Geometry	homo sapiens	homo sapiens				homo sapiens	homo sapiens	Sami, M., Rizkallah, P.J., Dunn, S., Li, Y., Moysey, R., Vuidepot, A., Baston, E., Todorov, P., Molloy, P., Gao, F., Boulter, J.M., Jakobsen, B.K.	1.89	X-RAY DIFFRACTION	0.236	0.178					True
7nme	E	D	NA	NA	abTCR	0	C	peptide	gln-leu-pro-arg-leu-phe-pro-leu-leu	NA	MH1	A	B	36.100	TRBV7	TRAV5	NA	NA	IMMUNE SYSTEM	09/07/22	Human MHC Class I, A24 Allele presenting QLPRLFPLL, Complex with 4C6 TCR	homo sapiens	homo sapiens			homo sapiens	homo sapiens	homo sapiens	Rizkallah, P.J., Sewell, A.K., Cole, D.K., Wall, A.	2.2	X-RAY DIFFRACTION	0.274	0.215					True
5jzi	J	I	NA	NA	abTCR	0	H	peptide	klv peptide	NA	MH1	F	G	31.848	TRBV25	TRAV38	NA	NA	Protein binding/Immune System	05/31/17	Crystal structure of 1406 TCR bound to HLA-A2 with HCV 1406-1415 antigen peptide	homo sapiens	homo sapiens			hepatitis c virus	homo sapiens	homo sapiens	Wang, Y., Piepenbrink, K.H., Baker, B.M.	2.5	X-RAY DIFFRACTION	0.232	0.196					True
5jzi	E	D	NA	NA	abTCR	0	C	peptide	klv peptide	NA	MH1	A	B	30.434	TRBV25	TRAV38	NA	NA	Protein binding/Immune System	05/31/17	Crystal structure of 1406 TCR bound to HLA-A2 with HCV 1406-1415 antigen peptide	homo sapiens	homo sapiens			hepatitis c virus	homo sapiens	homo sapiens	Wang, Y., Piepenbrink, K.H., Baker, B.M.	2.5	X-RAY DIFFRACTION	0.232	0.196					True
6am5	E	D	NA	NA	abTCR	0	C	peptide	ser-met-leu-gly-ile-gly-ile-val-pro-val	NA	MH1	A	B	33.258	TRBV6	TRAV12	NA	NA	IMMUNE SYSTEM	08/08/18	Crystal structure of DMF5 TCR bound to HLA-A2 presenting synthetic peptide SMLGIGIVPV	homo sapiens	homo sapiens			synthetic construct	homo sapiens	homo sapiens	Riley, T.P., Baker, B.M.	2.394	X-RAY DIFFRACTION	0.244	0.201					True
3mv8	E	D	NA	NA	abTCR	0	C	peptide	hpvg peptide from epstein-barr nuclear antigen 1	NA	MH1	A	B	41.600	TRBV9	TRAV20	NA	NA	IMMUNE SYSTEM	06/09/10	Crystal Structure of the TK3-Gln55His TCR in complex with HLA-B*3501/HPVG	homo sapiens	homo sapiens				homo sapiens	homo sapiens	Gras, S., Chen, Z., Miles, J.J., Liu, Y.C., Bell, M.J., Sullivan, L.C., Kjer-Nielsen, L., Brennan, R.M., Burrows, J.M., Neller, M.A., Khanna, R., Purcell, A.W., Brooks, A.G., McCluskey, J., Rossjohn, J., Burrows, S.R.	2.1	X-RAY DIFFRACTION	0.276	0.229					True
3kpr	E	D	NA	NA	abTCR	0	C	peptide	eeylkawtf, mimotope peptide	NA	MH1	A	B	41.623	TRBV7	TRAV26	NA	NA	IMMUNE SYSTEM	12/22/09	Crystal Structure of the LC13 TCR in complex with HLA B*4405 bound to EEYLKAWTF a mimotope	homo sapiens	homo sapiens				homo sapiens	homo sapiens	Macdonald, W.A., Chen, Z., Gras, S., Archbold, J.K., Tynan, F.E., Clements, C.S., Bharadwaj, M., Kjer-Nielsen, L., Saunders, P.M., Wilce, M.C., Crawford, F., Stadinsky, B., Jackson, D., Brooks, A.G., Purcell, A.W., Kappler, J.W., Burrows, S.R., Rossjohn, J., McCluskey, J.	2.6	X-RAY DIFFRACTION	0.279	0.219					True
3kpr	J	I	NA	NA	abTCR	0	H	peptide	eeylkawtf, mimotope peptide	NA	MH1	F	G	45.470	TRBV7	TRAV26	NA	NA	IMMUNE SYSTEM	12/22/09	Crystal Structure of the LC13 TCR in complex with HLA B*4405 bound to EEYLKAWTF a mimotope	homo sapiens	homo sapiens				homo sapiens	homo sapiens	Macdonald, W.A., Chen, Z., Gras, S., Archbold, J.K., Tynan, F.E., Clements, C.S., Bharadwaj, M., Kjer-Nielsen, L., Saunders, P.M., Wilce, M.C., Crawford, F., Stadinsky, B., Jackson, D., Brooks, A.G., Purcell, A.W., Kappler, J.W., Burrows, S.R., Rossjohn, J., McCluskey, J.	2.6	X-RAY DIFFRACTION	0.279	0.219					True
5hyj	E	D	NA	NA	abTCR	0	C	peptide	ala-gln-trp-gly-pro-asp-pro-ala-ala-ala	NA	MH1	A	B	43.272	TRBV12	TRAV12	NA	NA	IMMUNE SYSTEM	05/04/16	1E6 TCR in Complex with HLA-A02 carrying AQWGPDPAAA	homo sapiens	homo sapiens			homo sapiens	homo sapiens	homo sapiens	Rizkallah, P.J., Bulek, A.M., Cole, D.K., Sewell, A.K.	3.06	X-RAY DIFFRACTION	0.294	0.212					True
5hyj	J	I	NA	NA	abTCR	0	H	peptide	ala-gln-trp-gly-pro-asp-pro-ala-ala-ala	NA	MH1	F	G	48.469	TRBV12	TRAV12	NA	NA	IMMUNE SYSTEM	05/04/16	1E6 TCR in Complex with HLA-A02 carrying AQWGPDPAAA	homo sapiens	homo sapiens			homo sapiens	homo sapiens	homo sapiens	Rizkallah, P.J., Bulek, A.M., Cole, D.K., Sewell, A.K.	3.06	X-RAY DIFFRACTION	0.294	0.212					True
6rpb	E	D	NA	NA	abTCR	0	C	peptide	heteroclitic ny-eso-1 157-165 peptide	NA	MH1	A	B	70.011	TRBV6	TRAV12	NA	NA	IMMUNE SYSTEM	01/15/20	Crystal structure of the T-cell receptor NYE_S1 bound to HLA A2*01-SLLMWITQV	homo sapiens	homo sapiens			homo sapiens	homo sapiens	homo sapiens	Coles, C.H., Mulvaney, R., Malla, S., Lloyd, A., Smith, K., Chester, F., Knox, A., Stacey, A.R., Dukes, J., Baston, E., Griffin, S., Vuidepot, A., Jakobsen, B.K., Harper, S.	2.5	X-RAY DIFFRACTION	0.273	0.249					True
6rpb	T	S	NA	NA	abTCR	0	R	peptide	heteroclitic ny-eso-1 157-165 peptide	NA	MH1	P	Q	69.288	TRBV6	TRAV12	NA	NA	IMMUNE SYSTEM	01/15/20	Crystal structure of the T-cell receptor NYE_S1 bound to HLA A2*01-SLLMWITQV	homo sapiens	homo sapiens			homo sapiens	homo sapiens	homo sapiens	Coles, C.H., Mulvaney, R., Malla, S., Lloyd, A., Smith, K., Chester, F., Knox, A., Stacey, A.R., Dukes, J., Baston, E., Griffin, S., Vuidepot, A., Jakobsen, B.K., Harper, S.	2.5	X-RAY DIFFRACTION	0.273	0.249					True
6rpb	J	I	NA	NA	abTCR	0	H	peptide	heteroclitic ny-eso-1 157-165 peptide	NA	MH1	F	G	68.179	TRBV6	TRAV12	NA	NA	IMMUNE SYSTEM	01/15/20	Crystal structure of the T-cell receptor NYE_S1 bound to HLA A2*01-SLLMWITQV	homo sapiens	homo sapiens			homo sapiens	homo sapiens	homo sapiens	Coles, C.H., Mulvaney, R., Malla, S., Lloyd, A., Smith, K., Chester, F., Knox, A., Stacey, A.R., Dukes, J., Baston, E., Griffin, S., Vuidepot, A., Jakobsen, B.K., Harper, S.	2.5	X-RAY DIFFRACTION	0.273	0.249					True
6rpb	O	N	NA	NA	abTCR	0	M	peptide	heteroclitic ny-eso-1 157-165 peptide	NA	MH1	K	L	69.408	TRBV6	TRAV12	NA	NA	IMMUNE SYSTEM	01/15/20	Crystal structure of the T-cell receptor NYE_S1 bound to HLA A2*01-SLLMWITQV	homo sapiens	homo sapiens			homo sapiens	homo sapiens	homo sapiens	Coles, C.H., Mulvaney, R., Malla, S., Lloyd, A., Smith, K., Chester, F., Knox, A., Stacey, A.R., Dukes, J., Baston, E., Griffin, S., Vuidepot, A., Jakobsen, B.K., Harper, S.	2.5	X-RAY DIFFRACTION	0.273	0.249					True
6uon	J	I	NA	NA	abTCR	0	C	peptide	gly-ala-asp-gly-val-gly-lys-ser-ala-leu	NA	MH1	A	B	63.855	TRBV10	TRAV12	NA	NA	IMMUNE SYSTEM	05/27/20	Molecular basis for tumor infiltrating TCR recognition of hotspot KRAS-G12D mutation	homo sapiens	homo sapiens			homo sapiens	homo sapiens	homo sapiens	Sun, P.D., Sim, M.J.W.	3.5	X-RAY DIFFRACTION	0.294	0.252					True
6uon	H	G	NA	NA	abTCR	0	F	peptide	gly-ala-asp-gly-val-gly-lys-ser-ala-leu	NA	MH1	D	E	68.717	TRBV10	TRAV12	NA	NA	IMMUNE SYSTEM	05/27/20	Molecular basis for tumor infiltrating TCR recognition of hotspot KRAS-G12D mutation	homo sapiens	homo sapiens			homo sapiens	homo sapiens	homo sapiens	Sun, P.D., Sim, M.J.W.	3.5	X-RAY DIFFRACTION	0.294	0.252					True
6avg	D	C	NA	NA	abTCR	0	P	peptide	ala-pro-arg-gly-pro-his-gly-gly-ala-ala-ser-gly-leu	NA	MH1	G	H	38.383	TRBV9	TRAV4	NA	NA	IMMUNE SYSTEM	02/28/18	Crystal structure of the KFJ37 TCR-NY-ESO-1-HLA-B*07:02 complex	homo sapiens	homo sapiens			homo sapiens	homo sapiens	homo sapiens	Gully, B.S., Gras, S., Rossjohn, J.	2.6	X-RAY DIFFRACTION	0.248	0.193					True
6avg	E	B	NA	NA	abTCR	0	Q	peptide	ala-pro-arg-gly-pro-his-gly-gly-ala-ala-ser-gly-leu	NA	MH1	F	A	38.304	TRBV9	TRAV4	NA	NA	IMMUNE SYSTEM	02/28/18	Crystal structure of the KFJ37 TCR-NY-ESO-1-HLA-B*07:02 complex	homo sapiens	homo sapiens			homo sapiens	homo sapiens	homo sapiens	Gully, B.S., Gras, S., Rossjohn, J.	2.6	X-RAY DIFFRACTION	0.248	0.193					True
7rm4	I	J	NA	NA	abTCR	0	H	peptide	cellular tumor antigen p53 peptide	NA	MH1	F	G	35.095	TRBV11	TRAV6	NA	NA	IMMUNE SYSTEM	02/09/22	Neoantigen p53R175H-specific TCR 6-11 binds to p53R175H-HLA-A2	homo sapiens	homo sapiens			homo sapiens	homo sapiens	homo sapiens	Wu, D., Mariuzza, R.A.	3.33	X-RAY DIFFRACTION	0.295	0.237					True
7rm4	D	E	NA	NA	abTCR	0	C	peptide	cellular tumor antigen p53 peptide	NA	MH1	A	B	35.580	TRBV11	TRAV6	NA	NA	IMMUNE SYSTEM	02/09/22	Neoantigen p53R175H-specific TCR 6-11 binds to p53R175H-HLA-A2	homo sapiens	homo sapiens			homo sapiens	homo sapiens	homo sapiens	Wu, D., Mariuzza, R.A.	3.33	X-RAY DIFFRACTION	0.295	0.237					True
7rm4	N	O	NA	NA	abTCR	0	M	peptide	cellular tumor antigen p53 peptide	NA	MH1	K	L	37.158	TRBV11	TRAV6	NA	NA	IMMUNE SYSTEM	02/09/22	Neoantigen p53R175H-specific TCR 6-11 binds to p53R175H-HLA-A2	homo sapiens	homo sapiens			homo sapiens	homo sapiens	homo sapiens	Wu, D., Mariuzza, R.A.	3.33	X-RAY DIFFRACTION	0.295	0.237					True
7rm4	S	T	NA	NA	abTCR	0	R	peptide	cellular tumor antigen p53 peptide	NA	MH1	P	Q	35.179	TRBV11	TRAV6	NA	NA	IMMUNE SYSTEM	02/09/22	Neoantigen p53R175H-specific TCR 6-11 binds to p53R175H-HLA-A2	homo sapiens	homo sapiens			homo sapiens	homo sapiens	homo sapiens	Wu, D., Mariuzza, R.A.	3.33	X-RAY DIFFRACTION	0.295	0.237					True
4qok	E	D	NA	NA	abTCR	0	C	peptide	melanoma antigen recognized by t-cells 1 marker peptide	NA	MH1	A	B	47.655	TRBV30	TRAV12	NA	NA	IMMUNE SYSTEM	12/17/14	Structural basis for ineffective T-cell responses to MHC anchor residue improved heteroclitic peptides	homo sapiens	homo sapiens			homo sapiens	homo sapiens	homo sapiens	Rizkallah, P.J., Cole, D.K., Madura, F., Sewell, A.K.	3	X-RAY DIFFRACTION	0.262	0.203					True
3pwp	E	D	NA	NA	abTCR	0	C	peptide	hud peptide	NA	MH1	A	B	36.633	TRBV6	TRAV12	NA	NA	PROTEIN BINDING	03/09/11	The complex between TCR A6 and human Class I MHC HLA-A2 with the bound HuD peptide	homo sapiens	homo sapiens				homo sapiens	homo sapiens	Borbulevych, O.Y., Baker, B.M.	2.69	X-RAY DIFFRACTION	0.259	0.198					True
7n6e	H	G	NA	NA	abTCR	0	F	peptide	spike protein s1	NA	MH1	D	E	54.175	TRBV19	TRAV12	NA	NA	IMMUNE SYSTEM/VIRAL PROTEIN	07/28/21	TCR peptide HLA-A2 complex	homo sapiens	homo sapiens			severe acute respiratory syndrome coronavirus2 	homo sapiens	homo sapiens	Chaurasia, P., Rossjohn, J., Petersen, J.	3.2	X-RAY DIFFRACTION	0.294	0.239					True
7n6e	J	I	NA	NA	abTCR	0	C	peptide	spike protein s1	NA	MH1	A	B	53.210	TRBV19	TRAV12	NA	NA	IMMUNE SYSTEM/VIRAL PROTEIN	07/28/21	TCR peptide HLA-A2 complex	homo sapiens	homo sapiens			severe acute respiratory syndrome coronavirus2 	homo sapiens	homo sapiens	Chaurasia, P., Rossjohn, J., Petersen, J.	3.2	X-RAY DIFFRACTION	0.294	0.239					True
3dxa	E	D	NA	NA	abTCR	0	C	peptide	ebv decapeptide epitope	NA	MH1	A	B	58.057	TRBV7	TRAV26	NA	NA	IMMUNE SYSTEM	01/27/09	Crystal Structure of the DM1 TCR in complex with HLA-B*4405 and decamer EBV antigen	homo sapiens	homo sapiens				homo sapiens	homo sapiens	Archbold, J.K., Macdonald, W.A., Gras, S., Rossjohn, J.	3.5	X-RAY DIFFRACTION	0.330	0.286					True
3dxa	J	I	NA	NA	abTCR	0	H	peptide	ebv decapeptide epitope	NA	MH1	F	G	60.428	TRBV7	TRAV26	NA	NA	IMMUNE SYSTEM	01/27/09	Crystal Structure of the DM1 TCR in complex with HLA-B*4405 and decamer EBV antigen	homo sapiens	homo sapiens				homo sapiens	homo sapiens	Archbold, J.K., Macdonald, W.A., Gras, S., Rossjohn, J.	3.5	X-RAY DIFFRACTION	0.330	0.286					True
3dxa	O	N	NA	NA	abTCR	0	M	peptide	ebv decapeptide epitope	NA	MH1	K	L	58.225	TRBV7	TRAV26	NA	NA	IMMUNE SYSTEM	01/27/09	Crystal Structure of the DM1 TCR in complex with HLA-B*4405 and decamer EBV antigen	homo sapiens	homo sapiens				homo sapiens	homo sapiens	Archbold, J.K., Macdonald, W.A., Gras, S., Rossjohn, J.	3.5	X-RAY DIFFRACTION	0.330	0.286					True
6rp9	J	I	NA	NA	abTCR	0	H	peptide	cancer/testis antigen 1	NA	MH1	F	G	64.203	TRBV7	TRAV12	NA	NA	IMMUNE SYSTEM	01/15/20	Crystal structure of the T-cell receptor NYE_S3 bound to HLA A2*01-SLLMWITQV	homo sapiens	homo sapiens			homo sapiens	homo sapiens	homo sapiens	Coles, C.H., Mulvaney, R., Malla, S., Lloyd, A., Smith, K., Chester, F., Knox, A., Stacey, A.R., Dukes, J., Baston, E., Griffin, S., Vuidepot, A., Jakobsen, B.K., Harper, S.	3.12	X-RAY DIFFRACTION	0.250	0.223					True
6rp9	L	K	NA	NA	abTCR	0	NA	NA	NA	NA	NA	NA	NA	nan	TRBV7	TRAV12	NA	NA	IMMUNE SYSTEM	01/15/20	Crystal structure of the T-cell receptor NYE_S3 bound to HLA A2*01-SLLMWITQV	homo sapiens	homo sapiens						Coles, C.H., Mulvaney, R., Malla, S., Lloyd, A., Smith, K., Chester, F., Knox, A., Stacey, A.R., Dukes, J., Baston, E., Griffin, S., Vuidepot, A., Jakobsen, B.K., Harper, S.	3.12	X-RAY DIFFRACTION	0.250	0.223					True
6rp9	E	D	NA	NA	abTCR	0	C	peptide	cancer/testis antigen 1	NA	MH1	A	B	67.267	TRBV7	TRAV12	NA	NA	IMMUNE SYSTEM	01/15/20	Crystal structure of the T-cell receptor NYE_S3 bound to HLA A2*01-SLLMWITQV	homo sapiens	homo sapiens			homo sapiens	homo sapiens	homo sapiens	Coles, C.H., Mulvaney, R., Malla, S., Lloyd, A., Smith, K., Chester, F., Knox, A., Stacey, A.R., Dukes, J., Baston, E., Griffin, S., Vuidepot, A., Jakobsen, B.K., Harper, S.	3.12	X-RAY DIFFRACTION	0.250	0.223					True
4mji	J	I	NA	NA	abTCR	0	H	peptide	hiv reverse transcriptase peptide marker	NA	MH1	F	G	43.980	TRBV7	TRAV17	NA	NA	IMMUNE SYSTEM	05/28/14	T cell response to a HIV reverse transcriptase epitope presented by the protective allele HLA-B*51:01	homo sapiens	homo sapiens			human immunodeficiency virus 1	homo sapiens	homo sapiens	Rizkallah, P.J., Cole, D.K., Sewell, A.K., Motozono, C., Takiguchi, M.	2.99	X-RAY DIFFRACTION	0.304	0.242					True
4mji	E	D	NA	NA	abTCR	0	C	peptide	hiv reverse transcriptase peptide marker	NA	MH1	A	B	44.030	TRBV7	TRAV17	NA	NA	IMMUNE SYSTEM	05/28/14	T cell response to a HIV reverse transcriptase epitope presented by the protective allele HLA-B*51:01	homo sapiens	homo sapiens			human immunodeficiency virus 1	homo sapiens	homo sapiens	Rizkallah, P.J., Cole, D.K., Sewell, A.K., Motozono, C., Takiguchi, M.	2.99	X-RAY DIFFRACTION	0.304	0.242					True
6vmx	E	D	NA	NA	abTCR	0	C	peptide	epstein-barr nuclear antigen 3	NA	MH1	A	B	55.610	TRBV4	TRAV24	NA	NA	IMMUNE SYSTEM	07/29/20	Structure of HD14 TCR in complex with HLA-B7 presenting an EBV epitope	homo sapiens	homo sapiens			epstein-barr virus (strain b95-8)	homo sapiens	homo sapiens	Farenc, C., Rossjohn, J., Gras, S.	3.1	X-RAY DIFFRACTION	0.242	0.221					True
6vmx	J	I	NA	NA	abTCR	0	H	peptide	epstein-barr nuclear antigen 3	NA	MH1	F	G	54.949	TRBV4	TRAV24	NA	NA	IMMUNE SYSTEM	07/29/20	Structure of HD14 TCR in complex with HLA-B7 presenting an EBV epitope	homo sapiens	homo sapiens			epstein-barr virus (strain b95-8)	homo sapiens	homo sapiens	Farenc, C., Rossjohn, J., Gras, S.	3.1	X-RAY DIFFRACTION	0.242	0.221					True
2f53	E	D	NA	NA	abTCR	0	C	peptide	cancer/testis antigen 1b	NA	MH1	A	B	66.123	TRBV6	TRAV21	NA	NA	IMMUNE SYSTEM	04/25/06	Directed Evolution of Human T-cell Receptor CDR2 residues by phage display dramatically enhances affinity for cognate peptide-MHC without apparent cross-reactivity	homo sapiens	homo sapiens				homo sapiens	homo sapiens	Rizkallah, P.J., Jakobsen, B.K., Dunn, S.M., Sami, M.	2.1	X-RAY DIFFRACTION	0.231	0.166					True
3qdj	E	D	NA	NA	abTCR	0	C	peptide	mart-1(27-35) peptide	NA	MH1	A	B	33.874	TRBV6	TRAV12	NA	NA	IMMUNE SYSTEM	07/06/11	The complex between TCR DMF5 and human Class I MHC HLA-A2 with the bound MART-1(27-35) nonameric peptide	homo sapiens	homo sapiens				homo sapiens	homo sapiens	Borbulevych, O.Y., Baker, B.M.	2.3	X-RAY DIFFRACTION	0.299	0.240					True
6bj2	E	D	NA	NA	abTCR	0	C	peptide	hiv pol b35 peptide	NA	MH1	A	B	41.850	TRBV5	TRAV19	NA	NA	IMMUNE SYSTEM	07/25/18	TCR589 in complex with HIV(Pol448-456)/HLA-B35	homo sapiens	homo sapiens			human immunodeficiency virus 1	homo sapiens	homo sapiens	Jude, K.M., Sibener, L.V., Garcia, K.C.	3.35	X-RAY DIFFRACTION	0.276	0.245					True
3qdm	E	D	NA	NA	abTCR	0	C	peptide	mart-1(27-35) peptide	NA	MH1	A	B	30.930	TRBV10	TRAV35	NA	NA	IMMUNE SYSTEM	07/06/11	The complex between TCR DMF4 and human Class I MHC HLA-A2 with the bound MART-1(26-35)(A27L) decameric peptide	homo sapiens	homo sapiens				homo sapiens	homo sapiens	Borbulevych, O.Y., Baker, B.M.	2.8	X-RAY DIFFRACTION	0.284	0.211					True
7rtr	E	D	NA	NA	abTCR	0	C	peptide	spike protein s1	NA	MH1	A	B	42.980	TRBV7	TRAV12	NA	NA	IMMUNE SYSTEM	10/13/21	YLQ-SG3 TCR in complex with SARS-CoV-2 Spike-derived peptide S269-277 (YLQPRTFLL) presented by HLA-A*02:01	homo sapiens	homo sapiens			severe acute respiratory syndrome coronavirus2 	homo sapiens	homo sapiens	Szeto, C., Gras, S.	2.6	X-RAY DIFFRACTION	0.235	0.191					True
8en8	E	D	NA	NA	abTCR	0	C	peptide	nucleoprotein np4 epitope	NA	MH1	A	B	41.971	TRBV20	TRAV13	NA	NA	IMMUNE SYSTEM	03/27/24	Cross-reactive 3180 TCR recognition of HLA-B*35:01-NP4 epitope from 1972 influenza strain	homo sapiens	homo sapiens			influenza a virus (strain a/memphis/101/1972h3n2) 	homo sapiens	homo sapiens	Littler, D.R., Rossjohn, J.	2.70001	X-RAY DIFFRACTION	0.249	0.207					True
8en8	J	I	NA	NA	abTCR	0	H	peptide	nucleoprotein np4 epitope	NA	MH1	F	G	41.851	TRBV20	TRAV13	NA	NA	IMMUNE SYSTEM	03/27/24	Cross-reactive 3180 TCR recognition of HLA-B*35:01-NP4 epitope from 1972 influenza strain	homo sapiens	homo sapiens			influenza a virus (strain a/memphis/101/1972h3n2) 	homo sapiens	homo sapiens	Littler, D.R., Rossjohn, J.	2.70001	X-RAY DIFFRACTION	0.249	0.207					True
5c07	E	D	NA	NA	abTCR	0	C	peptide	marker peptide	NA	MH1	A	B	43.735	TRBV12	TRAV12	NA	NA	IMMUNE SYSTEM	05/04/16	1E6 TCR in complex with HLA-A02 carrying YQFGPDFPIA	homo sapiens	homo sapiens			homo sapiens	homo sapiens	homo sapiens	Rizkallah, P.J., Bulek, A.M., Cole, D.K., Sewell, A.K.	2.11	X-RAY DIFFRACTION	0.237	0.191					True
5c07	J	I	NA	NA	abTCR	0	H	peptide	marker peptide	NA	MH1	F	G	43.963	TRBV12	TRAV12	NA	NA	IMMUNE SYSTEM	05/04/16	1E6 TCR in complex with HLA-A02 carrying YQFGPDFPIA	homo sapiens	homo sapiens			homo sapiens	homo sapiens	homo sapiens	Rizkallah, P.J., Bulek, A.M., Cole, D.K., Sewell, A.K.	2.11	X-RAY DIFFRACTION	0.237	0.191					True
3vxu	E	D	NA	NA	abTCR	0	C	peptide	10-mer peptide from protein nef	NA	MH1	A	B	nan	TRBV27	TRAV12	NA	NA	IMMUNE SYSTEM	10/23/13	The complex between T36-5 TCR and HLA-A24 bound to HIV-1 Nef134-10(2F) peptide	homo sapiens	homo sapiens			human immunodeficiency virus 1	homo sapiens	homo sapiens	Shimizu, A., Fukai, S., Yamagata, A., Iwamoto, A.	2.7	X-RAY DIFFRACTION	0.323	0.272					True
3vxu	J	I	NA	NA	abTCR	0	H	peptide	10-mer peptide from protein nef	NA	MH1	F	G	nan	TRBV27	TRAV12	NA	NA	IMMUNE SYSTEM	10/23/13	The complex between T36-5 TCR and HLA-A24 bound to HIV-1 Nef134-10(2F) peptide	homo sapiens	homo sapiens			human immunodeficiency virus 1	homo sapiens	homo sapiens	Shimizu, A., Fukai, S., Yamagata, A., Iwamoto, A.	2.7	X-RAY DIFFRACTION	0.323	0.272					True
6vqo	E	D	NA	NA	abTCR	0	P	peptide	peptide from p53 tumor suppressor	NA	MH1	A	B	30.035	TRBV27	TRAV12	NA	NA	IMMUNE SYSTEM	06/17/20	T cell receptor-p53-HLA-A2 complex	homo sapiens	homo sapiens			homo sapiens	homo sapiens	homo sapiens	Wu, D., Gallagher, D.T., Pierce, B.G., Mariuzza, R.A.	3	X-RAY DIFFRACTION	0.211	0.162					True
6vqo	J	H	NA	NA	abTCR	0	Q	peptide	peptide from p53 tumor suppressor	NA	MH1	F	G	28.583	TRBV27	TRAV12	NA	NA	IMMUNE SYSTEM	06/17/20	T cell receptor-p53-HLA-A2 complex	homo sapiens	homo sapiens			homo sapiens	homo sapiens	homo sapiens	Wu, D., Gallagher, D.T., Pierce, B.G., Mariuzza, R.A.	3	X-RAY DIFFRACTION	0.211	0.162					True
8enh	J	I	NA	NA	abTCR	0	H	peptide	nucleoprotein np7 epitope	NA	MH1	F	G	41.668	TRBV20	TRAV13	NA	NA	IMMUNE SYSTEM	03/27/24	Cross-reactive 3180 TCR recognition of HLA-B*35:01-NP7 epitope from 2002 H3N2 influenza strain	homo sapiens	homo sapiens			influenza a virus (strain a/2002/h3n2)	homo sapiens	homo sapiens	Littler, D.R., Rossjohn, J.	2.50003	X-RAY DIFFRACTION	0.230	0.191					True
8enh	E	D	NA	NA	abTCR	0	C	peptide	nucleoprotein np7 epitope	NA	MH1	A	B	40.940	TRBV20	TRAV13	NA	NA	IMMUNE SYSTEM	03/27/24	Cross-reactive 3180 TCR recognition of HLA-B*35:01-NP7 epitope from 2002 H3N2 influenza strain	homo sapiens	homo sapiens			influenza a virus (strain a/2002/h3n2)	homo sapiens	homo sapiens	Littler, D.R., Rossjohn, J.	2.50003	X-RAY DIFFRACTION	0.230	0.191					True
8enh	T	S	NA	NA	abTCR	0	R	peptide	nucleoprotein np7 epitope	NA	MH1	P	Q	42.054	TRBV20	TRAV13	NA	NA	IMMUNE SYSTEM	03/27/24	Cross-reactive 3180 TCR recognition of HLA-B*35:01-NP7 epitope from 2002 H3N2 influenza strain	homo sapiens	homo sapiens			influenza a virus (strain a/2002/h3n2)	homo sapiens	homo sapiens	Littler, D.R., Rossjohn, J.	2.50003	X-RAY DIFFRACTION	0.230	0.191					True
8enh	O	N	NA	NA	abTCR	0	M	peptide	nucleoprotein np7 epitope	NA	MH1	K	L	42.123	TRBV20	TRAV13	NA	NA	IMMUNE SYSTEM	03/27/24	Cross-reactive 3180 TCR recognition of HLA-B*35:01-NP7 epitope from 2002 H3N2 influenza strain	homo sapiens	homo sapiens			influenza a virus (strain a/2002/h3n2)	homo sapiens	homo sapiens	Littler, D.R., Rossjohn, J.	2.50003	X-RAY DIFFRACTION	0.230	0.191					True
2p5w	E	D	NA	NA	abTCR	0	C	peptide	cancer/testis antigen 1b	NA	MH1	A	B	65.992	TRBV6	TRAV21	NA	NA	IMMUNE SYSTEM	09/25/07	Crystal structures of high affinity human T-cell receptors bound to pMHC reveal native diagonal binding geometry	homo sapiens	homo sapiens				homo sapiens	homo sapiens	Sami, M., Rizkallah, P.J., Dunn, S., Li, Y., Moysey, R., Vuidepot, A., Baston, E., Todorov, P., Molloy, P., Gao, F., Boulter, J.M., Jakobsen, B.K.	2.2	X-RAY DIFFRACTION	0.245	0.165					True
3utt	E	D	NA	NA	abTCR	0	C	peptide	insulin	NA	MH1	A	B	47.226	TRBV12	TRAV12	NA	NA	IMMUNE SYSTEM	01/25/12	1E6-A*0201-ALWGPDPAAA Complex, Triclinic	homo sapiens	homo sapiens			homo sapiens	homo sapiens	homo sapiens	Rizkallah, P.J., Cole, D.K., Sewell, A.K., Bulek, A.M., Rossjohn, J., Gras, S.	2.6	X-RAY DIFFRACTION	0.274	0.195					True
3utt	J	I	NA	NA	abTCR	0	H	peptide	insulin	NA	MH1	F	G	41.596	TRBV12	TRAV12	NA	NA	IMMUNE SYSTEM	01/25/12	1E6-A*0201-ALWGPDPAAA Complex, Triclinic	homo sapiens	homo sapiens			homo sapiens	homo sapiens	homo sapiens	Rizkallah, P.J., Cole, D.K., Sewell, A.K., Bulek, A.M., Rossjohn, J., Gras, S.	2.6	X-RAY DIFFRACTION	0.274	0.195					True
7q99	E	D	NA	NA	abTCR	0	C	peptide	asn-leu-ser-ala-leu-gly-ile-phe-ser-thr	NA	MH1	A	B	46.371	TRBV30	TRAV12	NA	NA	IMMUNE SYSTEM	02/22/23	MHC Class I A02 Allele presenting NLSALGIFST, in complex with Mel5 TCR	homo sapiens	homo sapiens			homo sapiens	homo sapiens	homo sapiens	Rizkallah, P.J., Sewell, A.K., Wall, A., Fuller, A.	2.55	X-RAY DIFFRACTION	0.272	0.218					True
6zkz	E	D	NA	NA	abTCR	0	C	peptide	enoyl-[acyl-carrier-protein] reductase [nadh]	NA	MH1	A	B	59.567	TRBV6	TRAV21	NA	NA	IMMUNE SYSTEM	01/26/22	Crystal structure of InhA:01 TCR in complex with HLA-E (F116C) bound to InhA (53-61 H4C)	homo sapiens	homo sapiens			mycobacterium tuberculosis h37rv	homo sapiens	homo sapiens	Srikannathasan, V., Karuppiah, V., Robinson, R.A.	2.3	X-RAY DIFFRACTION	0.267	0.224					True
4qrp	L	K	NA	NA	abTCR	0	NA	NA	NA	NA	NA	NA	NA	nan	TRBV11	TRAV9	NA	NA	IMMUNE SYSTEM	11/12/14	Crystal Structure of HLA B*0801 in complex with HSKKKCDEL and DD31 TCR	homo sapiens	homo sapiens						Gras, S., Berry, R., Lucet, I.S., Rossjohn, J.	2.9	X-RAY DIFFRACTION	0.248	0.207					True
4qrp	I	J	NA	NA	abTCR	0	H	peptide	ns3-4a protein	NA	MH1	F	G	50.258	TRBV11	TRAV9	NA	NA	IMMUNE SYSTEM	11/12/14	Crystal Structure of HLA B*0801 in complex with HSKKKCDEL and DD31 TCR	homo sapiens	homo sapiens			hepatitis c virus	homo sapiens	homo sapiens	Gras, S., Berry, R., Lucet, I.S., Rossjohn, J.	2.9	X-RAY DIFFRACTION	0.248	0.207					True
4qrp	E	D	NA	NA	abTCR	0	C	peptide	ns3-4a protein	NA	MH1	A	B	49.048	TRBV11	TRAV9	NA	NA	IMMUNE SYSTEM	11/12/14	Crystal Structure of HLA B*0801 in complex with HSKKKCDEL and DD31 TCR	homo sapiens	homo sapiens			hepatitis c virus	homo sapiens	homo sapiens	Gras, S., Berry, R., Lucet, I.S., Rossjohn, J.	2.9	X-RAY DIFFRACTION	0.248	0.207					True
6tmo	E	D	NA	NA	abTCR	0	C	peptide	eaagigiltv	NA	MH1	A	B	43.378	TRBV30	TRAV12	NA	NA	IMMUNE SYSTEM	10/07/20	Structure determination of an enhanced affinity TCR, a24b17, in complex with HLA-A*02:01 presenting a MART-1 peptide, EAAGIGILTV	homo sapiens	homo sapiens			homo sapiens	homo sapiens	homo sapiens	Rizkallah, P.J., Cole, D.K.	2.1	X-RAY DIFFRACTION	0.209	0.173					True
5wkf	J	I	NA	NA	abTCR	0	H	peptide	gts1 peptide	NA	MH1	F	G	37.633	TRBV11	TRAV30	NA	NA	IMMUNE SYSTEM	09/20/17	D30 TCR in complex with HLA-A*11:01-GTS1	homo sapiens	homo sapiens			dengue virus 1	homo sapiens	homo sapiens	Gras, S., Rossjohn, J.	2.95	X-RAY DIFFRACTION	0.253	0.190					True
5wkf	E	D	NA	NA	abTCR	0	C	peptide	gts1 peptide	NA	MH1	A	B	39.587	TRBV11	TRAV30	NA	NA	IMMUNE SYSTEM	09/20/17	D30 TCR in complex with HLA-A*11:01-GTS1	homo sapiens	homo sapiens			dengue virus 1	homo sapiens	homo sapiens	Gras, S., Rossjohn, J.	2.95	X-RAY DIFFRACTION	0.253	0.190					True
8shi	J	I	NA	NA	abTCR	0	F	peptide	val-arg-ser-arg-arg-aba-leu-arg-leu	NA	MH1	D	E	21.379	TRBV6	TRAV17	NA	NA	IMMUNE SYSTEM	06/28/23	Valpha3S1 Vbeta13S1 HLA C 0602 VRSRRCLRL	homo sapiens	homo sapiens			homo sapiens	homo sapiens	homo sapiens	Littler, D.R., Anand, S., Vivian, J.P., Rossjohn, J.	2.90002	X-RAY DIFFRACTION	0.291	0.235					True
8shi	H	G	NA	NA	abTCR	0	C	peptide	val-arg-ser-arg-arg-aba-leu-arg-leu	NA	MH1	A	B	20.966	TRBV6	TRAV17	NA	NA	IMMUNE SYSTEM	06/28/23	Valpha3S1 Vbeta13S1 HLA C 0602 VRSRRCLRL	homo sapiens	homo sapiens			homo sapiens	homo sapiens	homo sapiens	Littler, D.R., Anand, S., Vivian, J.P., Rossjohn, J.	2.90002	X-RAY DIFFRACTION	0.291	0.235					True
6vrn	E	D	NA	NA	abTCR	0	P	peptide	cellular tumor antigen p53 peptide	NA	MH1	A	B	33.725	TRBV10	TRAV38	NA	NA	IMMUNE SYSTEM	06/17/20	T cell receptor-p53-HLA-A2 complex	homo sapiens	homo sapiens			homo sapiens	homo sapiens	homo sapiens	Wu, D., Gallagher, D.T., Gowthaman, R., Pierce, B.G., Mariuzza, R.A.	2.46	X-RAY DIFFRACTION	0.259	0.194					True
5d2n	F	C	NA	NA	abTCR	0	G	peptide	asn-leu-val-pro-met-val-ala-thr-val	NA	MH1	H	L	64.500	TRBV7	TRAV26	NA	NA	IMMUNE SYSTEM	10/07/15	Crystal structure of C25-NLV-HLA-A2 complex	homo sapiens	homo sapiens			cytomegalovirus	homo sapiens	homo sapiens	Mariuzza, R.A., Yang, X.	2.099	X-RAY DIFFRACTION	0.253	0.204					True
5d2n	E	D	NA	NA	abTCR	0	I	peptide	asn-leu-val-pro-met-val-ala-thr-val	NA	MH1	A	B	60.930	TRBV7	TRAV26	NA	NA	IMMUNE SYSTEM	10/07/15	Crystal structure of C25-NLV-HLA-A2 complex	homo sapiens	homo sapiens			cytomegalovirus	homo sapiens	homo sapiens	Mariuzza, R.A., Yang, X.	2.099	X-RAY DIFFRACTION	0.253	0.204					True
6mtm	E	D	NA	NA	abTCR	0	C	peptide	np338 influenza peptide	NA	MH1	A	B	50.170	TRBV19	TRAV30	NA	NA	IMMUNE SYSTEM	02/13/19	Crystal Structure of EM2 TCR in complex with HLA-B*37:01-NP338	homo sapiens	homo sapiens			unidentified influenza virus	homo sapiens	homo sapiens	Gras, S.	3	X-RAY DIFFRACTION	0.301	0.218					True
2bnq	E	D	NA	NA	abTCR	0	C	peptide	synthetic peptide	NA	MH1	A	B	69.544	TRBV6	TRAV21	NA	NA	IMMUNE SYSTEM/RECEPTOR	05/23/05	Structural and kinetic basis for heightened immunogenicity of T cell vaccines	homo sapiens	homo sapiens			homo sapiens	homo sapiens	homo sapiens	Chen, J.-L., Stewart-Jones, G., Bossi, G., Lissin, N.M., Wooldridge, L., Choi, E.M.L., Held, G., Dunbar, P.R., Esnouf, R.M., Sami, M., Boultier, J.M., Rizkallah, P.J., Renner, C., Sewell, A., van der Merwe, P.A., Jackobsen, B.K., Griffiths, G., Jones, E.Y., Cerundolo, V.	1.7	X-RAY DIFFRACTION	0.253	0.226					True
2f54	E	D	NA	NA	abTCR	0	C	peptide	cancer/testis antigen 1b	NA	MH1	A	B	66.929	TRBV6	TRAV21	NA	NA	IMMUNE SYSTEM	04/25/06	Directed evolution of human T cell receptor CDR2 residues by phage display dramatically enhances affinity for cognate peptide-MHC without increasing apparent cross-reactivity	homo sapiens	homo sapiens				homo sapiens	homo sapiens	Rizkallah, P.J., Jakobsen, B.K., Dunn, S.M., Sami, M.	2.7	X-RAY DIFFRACTION	0.286	0.221					True
2f54	L	K	NA	NA	abTCR	0	H	peptide	cancer/testis antigen 1b	NA	MH1	F	G	71.198	TRBV6	TRAV21	NA	NA	IMMUNE SYSTEM	04/25/06	Directed evolution of human T cell receptor CDR2 residues by phage display dramatically enhances affinity for cognate peptide-MHC without increasing apparent cross-reactivity	homo sapiens	homo sapiens				homo sapiens	homo sapiens	Rizkallah, P.J., Jakobsen, B.K., Dunn, S.M., Sami, M.	2.7	X-RAY DIFFRACTION	0.286	0.221					True
5bs0	E	D	NA	NA	abTCR	0	C	peptide	titin	NA	MH1	A	B	58.261	TRBV5	TRAV21	NA	NA	IMMUNE SYSTEM	03/02/16	MAGE-A3 Reactive TCR in complex with Titin Epitope in HLA-A1	homo sapiens	homo sapiens			homo sapiens	homo sapiens	homo sapiens	Raman, M.C.C., Rizkallah, P.J., Simmons, R., Donellan, Z., Dukes, J., Bossi, G., LeProvost, G., Mahon, T., Hickman, E., Lomax, M., Oates, J., Hassan, N., Vuidepot, A., Sami, M., Cole, D.K., Jakobsen, B.K.	2.4	X-RAY DIFFRACTION	0.262	0.203					True
7n2q	G	E	NA	NA	abTCR	0	J	peptide	yeih protein	NA	MH1	H	I	21.042	TRBV9	TRAV21	NA	NA	IMMUNE SYSTEM	12/07/22	AS4.3-YEIH-HLA*B27	homo sapiens	homo sapiens			escherichia coli	homo sapiens	homo sapiens	Yang, X., Jude, K.M., Garcia, K.C.	2.7	X-RAY DIFFRACTION	0.264	0.213					True
7n2q	F	D	NA	NA	abTCR	0	C	peptide	yeih protein	NA	MH1	A	B	22.171	TRBV9	TRAV21	NA	NA	IMMUNE SYSTEM	12/07/22	AS4.3-YEIH-HLA*B27	homo sapiens	homo sapiens			escherichia coli	homo sapiens	homo sapiens	Yang, X., Jude, K.M., Garcia, K.C.	2.7	X-RAY DIFFRACTION	0.264	0.213					True
6eqb	E	D	NA	NA	abTCR	0	C	peptide	ala-ala-gly-ile-gly-ile-leu-thr-val	NA	MH1	A	B	42.925	TRBV30	TRAV12	NA	NA	IMMUNE SYSTEM	10/10/18	HLA class I histocompatibility antigen	homo sapiens	homo sapiens			homo sapiens	homo sapiens	homo sapiens	Rizkallah, P.J., Cole, D.K.	2.81	X-RAY DIFFRACTION	0.251	0.183					True
8dnt	B	A	NA	NA	abTCR	0	D	peptide	nucleoprotein	NA	MH1	E	F	32.142	NA	NA	NA	NA	IMMUNE SYSTEM	01/08/09	SARS-CoV-2 specific T cell receptor	homo sapiens	homo sapiens			severe acute respiratory syndrome coronavirus2 	homo sapiens	homo sapiens	Gallagher, D.T., Wu, D., Gowthaman, R., Pierce, B.G., Mariuzza, R.A., Weng, N.P.	3.18	X-RAY DIFFRACTION	0.313	0.221					True
8dnt	W	V	NA	NA	abTCR	0	X	peptide	nucleoprotein	NA	MH1	Y	Z	30.959	NA	NA	NA	NA	IMMUNE SYSTEM	01/08/09	SARS-CoV-2 specific T cell receptor	homo sapiens	homo sapiens			severe acute respiratory syndrome coronavirus2 	homo sapiens	homo sapiens	Gallagher, D.T., Wu, D., Gowthaman, R., Pierce, B.G., Mariuzza, R.A., Weng, N.P.	3.18	X-RAY DIFFRACTION	0.313	0.221					True
8dnt	P	M	NA	NA	abTCR	0	Q	peptide	nucleoprotein	NA	MH1	R	T	34.990	NA	NA	NA	NA	IMMUNE SYSTEM	01/08/09	SARS-CoV-2 specific T cell receptor	homo sapiens	homo sapiens			severe acute respiratory syndrome coronavirus2 	homo sapiens	homo sapiens	Gallagher, D.T., Wu, D., Gowthaman, R., Pierce, B.G., Mariuzza, R.A., Weng, N.P.	3.18	X-RAY DIFFRACTION	0.313	0.221					True
8dnt	I	H	NA	NA	abTCR	0	J	peptide	nucleoprotein	NA	MH1	K	L	34.664	NA	NA	NA	NA	IMMUNE SYSTEM	01/08/09	SARS-CoV-2 specific T cell receptor	homo sapiens	homo sapiens			severe acute respiratory syndrome coronavirus2 	homo sapiens	homo sapiens	Gallagher, D.T., Wu, D., Gowthaman, R., Pierce, B.G., Mariuzza, R.A., Weng, N.P.	3.18	X-RAY DIFFRACTION	0.313	0.221					True
5e6i	Q	P	NA	NA	abTCR	0	T	peptide	matrix protein 1	NA	MH1	R	U	66.284	TRBV27	TRAV35	NA	NA	IMMUNE SYSTEM	10/19/16	Crystal structure of TCR PF8 in complex with flu MP(58-66) epitope presented by HLA-A2	homo sapiens	homo sapiens			influenza a virus	homo sapiens	homo sapiens	Gao, M., Mariuzza, R.	4	X-RAY DIFFRACTION	0.338	0.259					True
5e6i	L	F	NA	NA	abTCR	0	O	peptide	matrix protein 1	NA	MH1	M	N	63.111	TRBV27	TRAV35	NA	NA	IMMUNE SYSTEM	10/19/16	Crystal structure of TCR PF8 in complex with flu MP(58-66) epitope presented by HLA-A2	homo sapiens	homo sapiens			influenza a virus	homo sapiens	homo sapiens	Gao, M., Mariuzza, R.	4	X-RAY DIFFRACTION	0.338	0.259					True
5e6i	H	G	NA	NA	abTCR	0	K	peptide	matrix protein 1	NA	MH1	I	J	66.310	TRBV27	TRAV35	NA	NA	IMMUNE SYSTEM	10/19/16	Crystal structure of TCR PF8 in complex with flu MP(58-66) epitope presented by HLA-A2	homo sapiens	homo sapiens			influenza a virus	homo sapiens	homo sapiens	Gao, M., Mariuzza, R.	4	X-RAY DIFFRACTION	0.338	0.259					True
5e6i	B	A	NA	NA	abTCR	0	E	peptide	matrix protein 1	NA	MH1	C	D	63.730	TRBV27	TRAV35	NA	NA	IMMUNE SYSTEM	10/19/16	Crystal structure of TCR PF8 in complex with flu MP(58-66) epitope presented by HLA-A2	homo sapiens	homo sapiens			influenza a virus	homo sapiens	homo sapiens	Gao, M., Mariuzza, R.	4	X-RAY DIFFRACTION	0.338	0.259					True
3kps	E	D	NA	NA	abTCR	0	C	peptide	eeylqafty, self peptide from the atp binding cassetteprotein abcd3 	NA	MH1	A	B	43.177	TRBV7	TRAV26	NA	NA	IMMUNE SYSTEM	12/22/09	Crystal Structure of the LC13 TCR in complex with HLA B*4405 bound to EEYLQAFTY a self peptide from the ABCD3 protein	homo sapiens	homo sapiens				homo sapiens	homo sapiens	Macdonald, W.A., Chen, Z., Gras, S., Archbold, J.K., Tynan, F.E., Clements, C.S., Bharadwaj, M., Kjer-Nielsen, L., Saunders, P.M., Wilce, M.C., Crawford, F., Stadinsky, B., Jackson, D., Brooks, A.G., Purcell, A.W., Kappler, J.W., Burrows, S.R., Rossjohn, J., McCluskey, J.	2.7	X-RAY DIFFRACTION	0.269	0.193					True
2bnr	E	D	NA	NA	abTCR	0	C	peptide	synthetic peptide	NA	MH1	A	B	69.699	TRBV6	TRAV21	NA	NA	IMMUNE SYSTEM/RECEPTOR	05/23/05	Structural and kinetic basis for heightened immunogenicity of T cell vaccines	homo sapiens	homo sapiens			homo sapiens	homo sapiens	homo sapiens	Chen, J.-L., Stewart-Jones, G., Bossi, G., Lissin, N.M., Wooldridge, L., Choi, E.M.L., Held, G., Dunbar, P.R., Esnouf, R.M., Sami, M., Boultier, J.M., Rizkallah, P.J., Renner, C., Sewell, A., van der Merwe, P.A., Jackobsen, B.K., Griffiths, G., Jones, E.Y., Cerundolo, V.	1.9	X-RAY DIFFRACTION	unknown	0.231					True
5w1w	T	S	NA	NA	abTCR	0	R	peptide	leader peptide of hla class i histocompatibility antigen, aalpha chain 	NA	MH1	P	Q	68.487	TRBV9	TRAV35	NA	NA	IMMUNE SYSTEM	10/04/17	Structure of the HLA-E-VMAPRTLVL/GF4 TCR complex	homo sapiens	homo sapiens			homo sapiens	homo sapiens	homo sapiens	Gras, S., Walpole, N., Farenc, C., Rossjohn, J.	3.1	X-RAY DIFFRACTION	0.263	0.215					True
5w1w	E	D	NA	NA	abTCR	0	C	peptide	leader peptide of hla class i histocompatibility antigen, aalpha chain 	NA	MH1	A	B	67.933	TRBV9	TRAV35	NA	NA	IMMUNE SYSTEM	10/04/17	Structure of the HLA-E-VMAPRTLVL/GF4 TCR complex	homo sapiens	homo sapiens			homo sapiens	homo sapiens	homo sapiens	Gras, S., Walpole, N., Farenc, C., Rossjohn, J.	3.1	X-RAY DIFFRACTION	0.263	0.215					True
5w1w	O	N	NA	NA	abTCR	0	M	peptide	leader peptide of hla class i histocompatibility antigen, aalpha chain 	NA	MH1	K	L	62.012	TRBV9	TRAV35	NA	NA	IMMUNE SYSTEM	10/04/17	Structure of the HLA-E-VMAPRTLVL/GF4 TCR complex	homo sapiens	homo sapiens			homo sapiens	homo sapiens	homo sapiens	Gras, S., Walpole, N., Farenc, C., Rossjohn, J.	3.1	X-RAY DIFFRACTION	0.263	0.215					True
5w1w	J	I	NA	NA	abTCR	0	H	peptide	leader peptide of hla class i histocompatibility antigen, aalpha chain 	NA	MH1	F	G	69.315	TRBV9	TRAV35	NA	NA	IMMUNE SYSTEM	10/04/17	Structure of the HLA-E-VMAPRTLVL/GF4 TCR complex	homo sapiens	homo sapiens			homo sapiens	homo sapiens	homo sapiens	Gras, S., Walpole, N., Farenc, C., Rossjohn, J.	3.1	X-RAY DIFFRACTION	0.263	0.215					True
7pdw	G	F	NA	NA	abTCR	0	J	peptide	unknown	NA	MH1	H	I	32.868	TRBV6	TRAV12	NA	NA	IMMUNE SYSTEM	01/08/09	Crystal structure of parent TCR (728) complexed to HLA-A*02:01 presenting MAGE-A10 9-mer peptide								Simister, P.C., Border, E.C., Vieira, J.F., Pumphrey, N.J.	1.82	X-RAY DIFFRACTION	0.229	0.201					False
7pdw	B	A	NA	NA	abTCR	0	E	peptide	unknown	NA	MH1	C	D	31.330	TRBV6	TRAV12	NA	NA	IMMUNE SYSTEM	01/08/09	Crystal structure of parent TCR (728) complexed to HLA-A*02:01 presenting MAGE-A10 9-mer peptide								Simister, P.C., Border, E.C., Vieira, J.F., Pumphrey, N.J.	1.82	X-RAY DIFFRACTION	0.229	0.201					False
5c09	J	I	NA	NA	abTCR	0	H	peptide	marker peptide	NA	MH1	F	G	46.241	TRBV12	TRAV12	NA	NA	IMMUNE SYSTEM	05/04/16	HLA class I histocompatibility antigen	homo sapiens	homo sapiens			homo sapiens	homo sapiens	homo sapiens	Rizkallah, P.J., Bulek, A.M., Cole, D.K., Sewell, A.K.	2.475	X-RAY DIFFRACTION	0.259	0.205					True
5c09	E	D	NA	NA	abTCR	0	C	peptide	marker peptide	NA	MH1	A	B	44.449	TRBV12	TRAV12	NA	NA	IMMUNE SYSTEM	05/04/16	HLA class I histocompatibility antigen	homo sapiens	homo sapiens			homo sapiens	homo sapiens	homo sapiens	Rizkallah, P.J., Bulek, A.M., Cole, D.K., Sewell, A.K.	2.475	X-RAY DIFFRACTION	0.259	0.205					True
3sjv	T	S	NA	NA	abTCR	0	R	peptide	epstein-barr nuclear antigen 3	NA	MH1	P	Q	38.912	TRBV6	TRAV12	NA	NA	IMMUNE SYSTEM	02/29/12	Crystal structure of the RL42 TCR in complex with HLA-B8-FLR	homo sapiens	homo sapiens			human herpesvirus 4	homo sapiens	homo sapiens	Gras, S., Wilmann, P.G., Zhenjun, C., Hanim, H., Yu Chih, L., Kjer-Nielsen, L., Purcell, A.W., Burrows, S.R., Mccluskey, J., Rossjohn, J.	3.1	X-RAY DIFFRACTION	0.321	0.253					True
3sjv	E	D	NA	NA	abTCR	0	C	peptide	epstein-barr nuclear antigen 3	NA	MH1	A	B	37.463	TRBV6	TRAV12	NA	NA	IMMUNE SYSTEM	02/29/12	Crystal structure of the RL42 TCR in complex with HLA-B8-FLR	homo sapiens	homo sapiens			human herpesvirus 4	homo sapiens	homo sapiens	Gras, S., Wilmann, P.G., Zhenjun, C., Hanim, H., Yu Chih, L., Kjer-Nielsen, L., Purcell, A.W., Burrows, S.R., Mccluskey, J., Rossjohn, J.	3.1	X-RAY DIFFRACTION	0.321	0.253					True
3sjv	J	I	NA	NA	abTCR	0	H	peptide	epstein-barr nuclear antigen 3	NA	MH1	F	G	37.784	TRBV6	TRAV12	NA	NA	IMMUNE SYSTEM	02/29/12	Crystal structure of the RL42 TCR in complex with HLA-B8-FLR	homo sapiens	homo sapiens			human herpesvirus 4	homo sapiens	homo sapiens	Gras, S., Wilmann, P.G., Zhenjun, C., Hanim, H., Yu Chih, L., Kjer-Nielsen, L., Purcell, A.W., Burrows, S.R., Mccluskey, J., Rossjohn, J.	3.1	X-RAY DIFFRACTION	0.321	0.253					True
3sjv	O	N	NA	NA	abTCR	0	M	peptide	epstein-barr nuclear antigen 3	NA	MH1	K	L	35.963	TRBV6	TRAV12	NA	NA	IMMUNE SYSTEM	02/29/12	Crystal structure of the RL42 TCR in complex with HLA-B8-FLR	homo sapiens	homo sapiens			human herpesvirus 4	homo sapiens	homo sapiens	Gras, S., Wilmann, P.G., Zhenjun, C., Hanim, H., Yu Chih, L., Kjer-Nielsen, L., Purcell, A.W., Burrows, S.R., Mccluskey, J., Rossjohn, J.	3.1	X-RAY DIFFRACTION	0.321	0.253					True
1qrn	E	D	NA	NA	abTCR	0	C	peptide	tax peptide p6a	NA	MH1	A	B	33.739	TRBV6	TRAV12	NA	NA	IMMUNE SYSTEM	10/14/99	CRYSTAL STRUCTURE OF HUMAN A6 TCR COMPLEXED WITH HLA-A2 BOUND TO ALTERED HTLV-1 TAX PEPTIDE P6A	homo sapiens	homo sapiens				homo sapiens	homo sapiens	Ding, Y.H., Baker, B.M., Garboczi, D.N., Biddison, W.E., Wiley, D.C.	2.8	X-RAY DIFFRACTION	0.273	0.216					True
3kxf	E	D	NA	NA	abTCR	0	Q	peptide	peptide from trans-activator protein bzlf1	NA	MH1	A	B	69.885	TRBV6	TRAV19	NA	NA	IMMUNE SYSTEM	06/09/10	Crystal Structure of SB27 TCR in complex with the 'restriction triad' mutant HLA-B*3508-13mer	homo sapiens	homo sapiens				homo sapiens	homo sapiens	Archbold, J.K., Tynan, F.E., Gras, S., Rossjohn, J.	3.1	X-RAY DIFFRACTION	0.291	0.213					True
3kxf	H	G	NA	NA	abTCR	0	R	peptide	peptide from trans-activator protein bzlf1	NA	MH1	C	F	67.023	TRBV6	TRAV19	NA	NA	IMMUNE SYSTEM	06/09/10	Crystal Structure of SB27 TCR in complex with the 'restriction triad' mutant HLA-B*3508-13mer	homo sapiens	homo sapiens				homo sapiens	homo sapiens	Archbold, J.K., Tynan, F.E., Gras, S., Rossjohn, J.	3.1	X-RAY DIFFRACTION	0.291	0.213					True
3kxf	P	N	NA	NA	abTCR	0	T	peptide	peptide from trans-activator protein bzlf1	NA	MH1	K	L	67.855	TRBV6	TRAV19	NA	NA	IMMUNE SYSTEM	06/09/10	Crystal Structure of SB27 TCR in complex with the 'restriction triad' mutant HLA-B*3508-13mer	homo sapiens	homo sapiens				homo sapiens	homo sapiens	Archbold, J.K., Tynan, F.E., Gras, S., Rossjohn, J.	3.1	X-RAY DIFFRACTION	0.291	0.213					True
3kxf	O	M	NA	NA	abTCR	0	S	peptide	peptide from trans-activator protein bzlf1	NA	MH1	I	J	69.543	TRBV6	TRAV19	NA	NA	IMMUNE SYSTEM	06/09/10	Crystal Structure of SB27 TCR in complex with the 'restriction triad' mutant HLA-B*3508-13mer	homo sapiens	homo sapiens				homo sapiens	homo sapiens	Archbold, J.K., Tynan, F.E., Gras, S., Rossjohn, J.	3.1	X-RAY DIFFRACTION	0.291	0.213					True
5c0a	E	D	NA	NA	abTCR	0	C	peptide	marker peptide	NA	MH1	A	B	45.944	TRBV12	TRAV12	NA	NA	IMMUNE SYSTEM	05/04/16	1E6 TCR in complex with HLA-A02 carrying MVW peptide	homo sapiens	homo sapiens			homo sapiens	homo sapiens	homo sapiens	Rizkallah, P.J., Bulek, A.M., Cole, D.K., Sewell, A.K.	2.46	X-RAY DIFFRACTION	0.232	0.193					True
5c0a	J	I	NA	NA	abTCR	0	H	peptide	marker peptide	NA	MH1	F	G	43.870	TRBV12	TRAV12	NA	NA	IMMUNE SYSTEM	05/04/16	1E6 TCR in complex with HLA-A02 carrying MVW peptide	homo sapiens	homo sapiens			homo sapiens	homo sapiens	homo sapiens	Rizkallah, P.J., Bulek, A.M., Cole, D.K., Sewell, A.K.	2.46	X-RAY DIFFRACTION	0.232	0.193					True
7n2n	F	D	NA	NA	abTCR	0	C	peptide	pre-mrna processing factor 3	NA	MH1	A	B	21.514	TRBV9	TRAV21	NA	NA	IMMUNE SYSTEM	12/07/22	TCR-antigen complex AS4.2-PRPF3-HLA*B27	homo sapiens	homo sapiens			homo sapiens	homo sapiens	homo sapiens	Yang, X., Jude, K.M., Garcia, K.C.	2.6	X-RAY DIFFRACTION	0.291	0.248					True
8es9	B	A	NA	NA	abTCR	0	P	peptide	melanoma-associated antigen 4	NA	MH1	N	M	84.863	TRBV20	TRAV20	NA	NA	IMMUNE SYSTEM	05/03/23	CryoEM structure of PN45428 TCR-CD3 in complex with HLA-A2 MAGEA4	homo sapiens	homo sapiens			homo sapiens	homo sapiens	homo sapiens	Saotome, K., Franklin, M.C.	3.25	ELECTRON MICROSCOPY	NA	NA					True
5yxu	G	F	NA	NA	abTCR	0	NA	NA	NA	NA	NA	NA	NA	nan	TRBV25	TRAV38	NA	NA	IMMUNE SYSTEM	12/12/18	an affinity enhanced T cell receptor in complex with HLA-A0201 restricted HCV NS3 peptide KLVALGINAV	homo sapiens	homo sapiens						Yi, L.	2.7	X-RAY DIFFRACTION	0.289	0.235					True
5yxu	B	A	NA	NA	abTCR	0	I	peptide	lys-leu-val-ala-leu-gly-ile-asn-ala-val	NA	MH1	C	D	31.712	TRBV25	TRAV38	NA	NA	IMMUNE SYSTEM	12/12/18	an affinity enhanced T cell receptor in complex with HLA-A0201 restricted HCV NS3 peptide KLVALGINAV	homo sapiens	homo sapiens			hepatitis c virus	homo sapiens	homo sapiens	Yi, L.	2.7	X-RAY DIFFRACTION	0.289	0.235					True
2nx5	U	T	NA	NA	abTCR	0	S	peptide	ebv peptide, eplpqgqltay	NA	MH1	Q	R	58.909	TRBV10	TRAV1	NA	NA	IMMUNE SYSTEM	02/27/07	Crystal structure of ELS4 TCR bound to HLA-B*3501 presenting EBV peptide EPLPQGQLTAY at 1.7A	homo sapiens	homo sapiens				homo sapiens	homo sapiens	Tynan, F.E., Reid, H.H., Rossjohn, J.	2.7	X-RAY DIFFRACTION	0.327	0.269					True
2nx5	J	I	NA	NA	abTCR	0	M	peptide	ebv peptide, eplpqgqltay	NA	MH1	F	G	58.903	TRBV10	TRAV1	NA	NA	IMMUNE SYSTEM	02/27/07	Crystal structure of ELS4 TCR bound to HLA-B*3501 presenting EBV peptide EPLPQGQLTAY at 1.7A	homo sapiens	homo sapiens				homo sapiens	homo sapiens	Tynan, F.E., Reid, H.H., Rossjohn, J.	2.7	X-RAY DIFFRACTION	0.327	0.269					True
2nx5	E	D	NA	NA	abTCR	0	C	peptide	ebv peptide, eplpqgqltay	NA	MH1	A	B	56.703	TRBV10	TRAV1	NA	NA	IMMUNE SYSTEM	02/27/07	Crystal structure of ELS4 TCR bound to HLA-B*3501 presenting EBV peptide EPLPQGQLTAY at 1.7A	homo sapiens	homo sapiens				homo sapiens	homo sapiens	Tynan, F.E., Reid, H.H., Rossjohn, J.	2.7	X-RAY DIFFRACTION	0.327	0.269					True
2nx5	P	N	NA	NA	abTCR	0	H	peptide	ebv peptide, eplpqgqltay	NA	MH1	K	L	61.579	TRBV10	TRAV1	NA	NA	IMMUNE SYSTEM	02/27/07	Crystal structure of ELS4 TCR bound to HLA-B*3501 presenting EBV peptide EPLPQGQLTAY at 1.7A	homo sapiens	homo sapiens				homo sapiens	homo sapiens	Tynan, F.E., Reid, H.H., Rossjohn, J.	2.7	X-RAY DIFFRACTION	0.327	0.269					True
8gvb	B	A	NA	NA	abTCR	0	P	peptide	8-mer peptide from protein nef	NA	MH1	H	L	57.795	TRBV7	TRAV8	NA	NA	IMMUNE SYSTEM	10/19/22	The complex between public TCR TD08 and HLA-A24 bound to HIV-1 Nef138-8 peptide	homo sapiens	homo sapiens			hiv-1 06tg.ht008	homo sapiens	homo sapiens	Gao, G.F., Shi, Y., Ma, K., Chai, Y., Guan, J., Qi, J., Tan, S., Dong, T., Iwamoto, A., Kawana-Tachikawa, A.	3.2	X-RAY DIFFRACTION	0.321	0.280					True
5d2l	F	E	NA	NA	abTCR	0	R	peptide	asn-leu-val-pro-met-val-ala-thr-val	NA	MH1	C	D	27.697	TRBV7	TRAV24	NA	NA	IMMUNE SYSTEM	10/07/15	Crystal structure of TCR C7 in complex with HCMV NLV epitope presented by HLA-A2	homo sapiens	homo sapiens			cytomegalovirus	homo sapiens	homo sapiens	Gao, M., Mariuzza, R.A.	3.511	X-RAY DIFFRACTION	0.355	0.270					True
5d2l	P	O	NA	NA	abTCR	0	T	peptide	asn-leu-val-pro-met-val-ala-thr-val	NA	MH1	M	N	28.353	TRBV7	TRAV24	NA	NA	IMMUNE SYSTEM	10/07/15	Crystal structure of TCR C7 in complex with HCMV NLV epitope presented by HLA-A2	homo sapiens	homo sapiens			cytomegalovirus	homo sapiens	homo sapiens	Gao, M., Mariuzza, R.A.	3.511	X-RAY DIFFRACTION	0.355	0.270					True
5d2l	J	I	NA	NA	abTCR	0	Q	peptide	asn-leu-val-pro-met-val-ala-thr-val	NA	MH1	A	B	29.444	TRBV7	TRAV24	NA	NA	IMMUNE SYSTEM	10/07/15	Crystal structure of TCR C7 in complex with HCMV NLV epitope presented by HLA-A2	homo sapiens	homo sapiens			cytomegalovirus	homo sapiens	homo sapiens	Gao, M., Mariuzza, R.A.	3.511	X-RAY DIFFRACTION	0.355	0.270					True
5d2l	L	K	NA	NA	abTCR	0	U	peptide	asn-leu-val-pro-met-val-ala-thr-val	NA	MH1	G	H	29.333	TRBV7	TRAV24	NA	NA	IMMUNE SYSTEM	10/07/15	Crystal structure of TCR C7 in complex with HCMV NLV epitope presented by HLA-A2	homo sapiens	homo sapiens			cytomegalovirus	homo sapiens	homo sapiens	Gao, M., Mariuzza, R.A.	3.511	X-RAY DIFFRACTION	0.355	0.270					True
5nmg	E	D	NA	NA	abTCR	0	C	peptide	gag protein	NA	MH1	A	B	52.463	TRBV5	TRAV12	NA	NA	IMMUNE SYSTEM	11/15/17	868 TCR in complex with HLA A02 presenting SLYFNTIAVL	homo sapiens	homo sapiens			human immunodeficiency virus 1	homo sapiens	homo sapiens	Rizkallah, P.J., Cole, D.K., Fuller, A., Sewell, A.K.	2.75	X-RAY DIFFRACTION	0.254	0.196					True
5nmg	J	I	NA	NA	abTCR	0	H	peptide	gag protein	NA	MH1	F	G	55.019	TRBV5	TRAV12	NA	NA	IMMUNE SYSTEM	11/15/17	868 TCR in complex with HLA A02 presenting SLYFNTIAVL	homo sapiens	homo sapiens			human immunodeficiency virus 1	homo sapiens	homo sapiens	Rizkallah, P.J., Cole, D.K., Fuller, A., Sewell, A.K.	2.75	X-RAY DIFFRACTION	0.254	0.196					True
7dzm	D	E	NA	NA	abTCR	0	C	peptide	gag-pol polyprotein	NA	MH1	A	B	43.721	TRBV12	TRAV26	NA	NA	IMMUNE SYSTEM	01/26/22	Crystal Structure of the cross-restricted T18A TCR and HLAB8101 bound to HIV-1 Gag TL9 peptide	homo sapiens	homo sapiens			human immunodeficiency virus 1	homo sapiens	homo sapiens	Liu, Y., Yin, L.	2.25	X-RAY DIFFRACTION	0.240	0.196					True
7byd	J	I	NA	NA	abTCR	0	H	peptide	gly-gly-ala-ile	NA	MH1	F	G	30.513	TRBV3	TRAV4	NA	NA	IMMUNE SYSTEM	03/31/21	Crystal structure of SN45 TCR in complex with lipopeptide-bound Mamu-B*05104	macaca mulatta	macaca mulatta			simian immunodeficiency virus	macaca mulatta	macaca mulatta	Morita, D., Sugita, M., Iwashita, C.	2.80003	X-RAY DIFFRACTION	0.250	0.185					True
7byd	E	D	NA	NA	abTCR	0	C	peptide	gly-gly-ala-ile	NA	MH1	A	B	37.429	TRBV3	TRAV4	NA	NA	IMMUNE SYSTEM	03/31/21	Crystal structure of SN45 TCR in complex with lipopeptide-bound Mamu-B*05104	macaca mulatta	macaca mulatta			simian immunodeficiency virus	macaca mulatta	macaca mulatta	Morita, D., Sugita, M., Iwashita, C.	2.80003	X-RAY DIFFRACTION	0.250	0.185					True
5hho	E	D	NA	NA	abTCR	0	C	peptide	m1-g4e, gilefvftl	NA	MH1	A	B	64.330	TRBV19	TRAV27	NA	NA	IMMUNE SYSTEM	03/23/16	Crystal Structure of the JM22 TCR in complex with HLA-A*0201 in complex with M1-G4E	homo sapiens	homo sapiens			synthetic construct	homo sapiens	homo sapiens	Gras, S., Josephs, T.M., Rossjohn, J.	2.95	X-RAY DIFFRACTION	0.279	0.236					True
1qse	E	D	NA	NA	abTCR	0	C	peptide	tax peptide v7r	NA	MH1	A	B	36.974	TRBV6	TRAV12	NA	NA	IMMUNE SYSTEM	12/21/99	STRUCTURE OF HUMAN A6-TCR BOUND TO HLA-A2 COMPLEXED WITH ALTERED HTLV-1 TAX PEPTIDE V7R	homo sapiens	homo sapiens				homo sapiens	homo sapiens	Ding, Y.H., Baker, B.M., Garboczi, D.N., Biddison, W.E., Wiley, D.C.	2.8	X-RAY DIFFRACTION	0.290	0.243					True
7ndt	J	I	NA	NA	abTCR	0	H	peptide	unknown	NA	MH1	F	G	38.735	TRBV14	TRAV26	NA	NA	IMMUNE SYSTEM	01/08/09	UL40:01 TCR in complex with HLA-E with a non-natural amino acid								Pengelly, R.J., Robinson, R.A.	2.999	X-RAY DIFFRACTION	0.269	0.221					False
7ndt	E	D	NA	NA	abTCR	0	C	peptide	unknown	NA	MH1	A	B	36.802	TRBV14	TRAV26	NA	NA	IMMUNE SYSTEM	01/08/09	UL40:01 TCR in complex with HLA-E with a non-natural amino acid								Pengelly, R.J., Robinson, R.A.	2.999	X-RAY DIFFRACTION	0.269	0.221					False
5nmf	J	I	NA	NA	abTCR	0	H	peptide	gag protein	NA	MH1	F	G	53.074	TRBV5	TRAV12	NA	NA	IMMUNE SYSTEM	11/15/17	868 TCR in complex with HLA A02 presenting SLYNTIATL	homo sapiens	homo sapiens			human immunodeficiency virus 1	homo sapiens	homo sapiens	Rizkallah, P.J., Cole, D.K., Fuller, A., Sewell, A.K.	2.89	X-RAY DIFFRACTION	0.255	0.193					True
5nmf	E	D	NA	NA	abTCR	0	C	peptide	gag protein	NA	MH1	A	B	51.143	TRBV5	TRAV12	NA	NA	IMMUNE SYSTEM	11/15/17	868 TCR in complex with HLA A02 presenting SLYNTIATL	homo sapiens	homo sapiens			human immunodeficiency virus 1	homo sapiens	homo sapiens	Rizkallah, P.J., Cole, D.K., Fuller, A., Sewell, A.K.	2.89	X-RAY DIFFRACTION	0.255	0.193					True
8gvi	B	A	NA	NA	abTCR	0	P	peptide	8-mer peptide from protein nef	NA	MH1	H	L	55.872	TRBV7	TRAV8	NA	NA	IMMUNE SYSTEM	10/19/22	The complex between H25-11 TCR and HLA-A24 bound to HIV-1 Nef138-8 peptide	homo sapiens	homo sapiens			hiv whole-genome vector aa1305#18	homo sapiens	homo sapiens	Gao, G.F., Shi, Y., Tan, S., Ma, K., Chai, Y., Qi, J., Kawana-Tachikawa, A., Iwamoto, A., Dong, T., Guan, J.	3.3	X-RAY DIFFRACTION	0.314	0.287					True
7qpj	B	A	NA	NA	abTCR	0	E	peptide	melanoma-associated antigen 10	NA	MH1	C	D	32.147	TRBV6	TRAV12	NA	NA	IMMUNE SYSTEM	08/03/22	Crystal structure of engineered TCR (756) complexed to HLA-A*02:01 presenting MAGE-A10 9-mer peptide	homo sapiens	homo sapiens			homo sapiens	homo sapiens	homo sapiens	Simister, P.C., Border, E.C., Vieira, J.F., Pumphrey, N.J.	1.54	X-RAY DIFFRACTION	0.236	0.202					True
3vxm	E	D	NA	NA	abTCR	0	C	peptide	10-mer peptide from protein nef	NA	MH1	A	B	49.624	TRBV4	TRAV8	NA	NA	IMMUNE SYSTEM	10/23/13	The complex between C1-28 TCR and HLA-A24 bound to HIV-1 Nef134-10(2F) peptide	homo sapiens	homo sapiens			human immunodeficiency virus 1	homo sapiens	homo sapiens	Shimizu, A., Fukai, S., Yamagata, A., Iwamoto, A.	2.5	X-RAY DIFFRACTION	0.267	0.209					True
6eqa	E	D	NA	NA	abTCR	0	C	peptide	ala-ala-gly-ile-gly-ile-leu-thr-val	NA	MH1	A	B	48.740	TRBV30	TRAV12	NA	NA	IMMUNE SYSTEM	10/10/18	HLA class I histocompatibility antigen	homo sapiens	homo sapiens			homo sapiens	homo sapiens	homo sapiens	Rizkallah, P.J., Cole, D.K.	3.16	X-RAY DIFFRACTION	0.263	0.186					True
2ypl	E	D	NA	NA	abTCR	0	C	peptide	kf11 p24 gag peptide	NA	MH1	A	B	27.481	TRBV19	TRAV5	NA	NA	IMMUNE SYSTEM/VIRAL PROTEIN	11/28/12	Structural features underlying T-cell receptor sensitivity to concealed MHC class I micropolymorphisms	homo sapiens	homo sapiens			human immunodeficiency virus	homo sapiens	homo sapiens	Stewart-Jones, G.B., Simpson, P., van der Merwe, P.A., Easterbrook, P., McMichael, A.J., Rowland-Jones, S.L., Jones, E.Y., Gillespie, G.M.	2.4	X-RAY DIFFRACTION	0.27746	0.22072					True
7rk7	E	D	NA	NA	abTCR	0	C	peptide	tyrosinase peptide	NA	MH1	A	B	81.339	TRBV10	TRAV4	NA	NA	IMMUNE SYSTEM	11/02/22	The complex between TIL 1383i TCR and human Class I MHC HLA-A2 with the bound Tyrosinase(369-377)(N371D) nonameric peptide	homo sapiens	homo sapiens			homo sapiens	homo sapiens	homo sapiens	Singh, N.K., Davancaze, L.M., Arbuiso, A., Weiss, L.I., Keller, G.L.J., Baker, B.M.	2.54	X-RAY DIFFRACTION	0.255	0.211					True
3uts	E	D	NA	NA	abTCR	0	C	peptide	insulin	NA	MH1	A	B	36.754	TRBV12	TRAV12	NA	NA	IMMUNE SYSTEM	01/25/12	1E6-A*0201-ALWGPDPAAA Complex, Monoclinic	homo sapiens	homo sapiens			homo sapiens	homo sapiens	homo sapiens	Rizkallah, P.J., Cole, D.K., Sewell, A.K., Bulek, A.M.	2.712	X-RAY DIFFRACTION	0.269	0.201					True
3uts	J	I	NA	NA	abTCR	0	H	peptide	insulin	NA	MH1	F	G	35.225	TRBV12	TRAV12	NA	NA	IMMUNE SYSTEM	01/25/12	1E6-A*0201-ALWGPDPAAA Complex, Monoclinic	homo sapiens	homo sapiens			homo sapiens	homo sapiens	homo sapiens	Rizkallah, P.J., Cole, D.K., Sewell, A.K., Bulek, A.M.	2.712	X-RAY DIFFRACTION	0.269	0.201					True
1qsf	E	D	NA	NA	abTCR	0	C	peptide	tax peptide y8a	NA	MH1	A	B	35.353	TRBV6	TRAV12	NA	NA	IMMUNE SYSTEM	12/21/99	STRUCTURE OF A6-TCR BOUND TO HLA-A2 COMPLEXED WITH ALTERED HTLV-1 TAX PEPTIDE Y8A	homo sapiens	homo sapiens				homo sapiens	homo sapiens	Ding, Y.H., Baker, B.M., Garboczi, D.N., Biddison, W.E., Wiley, D.C.	2.8	X-RAY DIFFRACTION	0.286	0.245					True
1oga	E	D	NA	NA	abTCR	0	C	peptide	gilgfvftl	NA	MH1	A	B	62.558	TRBV19	TRAV27	NA	NA	IMMUNE SYSTEM/RECEPTOR	06/19/03	A structural basis for immunodominant human T-cell receptor recognition.	homo sapiens	homo sapiens			homo sapiens	homo sapiens	homo sapiens	Stewart-Jones, G.B.E., McMichael, A.J., Bell, J.I., Stuart, D.I., Jones, E.Y.	1.4	X-RAY DIFFRACTION	0.231	0.218					True
2gj6	E	D	NA	NA	abTCR	0	C | C	peptide | Hapten	modified htlv-1 tax (y5k-iba) peptide, chain c | 3-INDOLEBUTYRIC ACID	NA | 3IB	MH1	A	B	36.064	TRBV6	TRAV12	NA	NA	IMMUNE SYSTEM	10/03/06	The complex between TCR A6 and human Class I MHC HLA-A2 with the modified HTLV-1 TAX (Y5K-4-[3-Indolyl]-butyric acid) peptide	homo sapiens	homo sapiens			 | 	homo sapiens	homo sapiens	Borbulevych, O.Y., Baker, B.M.	2.56	X-RAY DIFFRACTION	0.250	0.199					True
3qdg	E	D	NA	NA	abTCR	0	C	peptide	mart-1 (26-35) peptide	NA	MH1	A	B	34.175	TRBV6	TRAV12	NA	NA	IMMUNE SYSTEM	07/06/11	The complex between TCR DMF5 and human Class I MHC HLA-A2 with the bound MART-1(26-35)(A27L) peptide	homo sapiens	homo sapiens				homo sapiens	homo sapiens	Borbulevych, O.Y., Baker, B.M.	2.69	X-RAY DIFFRACTION	0.278	0.218					True
2vlr	E	D	NA	NA	abTCR	0	C	peptide	flu matrix peptide	NA	MH1	A	B	61.224	TRBV19	TRAV27	NA	NA	IMMUNE SYSTEM	01/22/08	The Structural Dynamics and Energetics of an Immunodominant T-cell Receptor are Programmed by its Vbeta Domain	homo sapiens	homo sapiens			unidentified influenza virus	homo sapiens	homo sapiens	Ishizuka, J., Stewart-Jones, G., van der Merwe, A., Bell, J., McMichael, A., Jones, Y.	2.3	X-RAY DIFFRACTION	0.281	0.219					True
2vlr	J	I	NA	NA	abTCR	0	H	peptide	flu matrix peptide	NA	MH1	F	G	61.782	TRBV19	TRAV27	NA	NA	IMMUNE SYSTEM	01/22/08	The Structural Dynamics and Energetics of an Immunodominant T-cell Receptor are Programmed by its Vbeta Domain	homo sapiens	homo sapiens			unidentified influenza virus	homo sapiens	homo sapiens	Ishizuka, J., Stewart-Jones, G., van der Merwe, A., Bell, J., McMichael, A., Jones, Y.	2.3	X-RAY DIFFRACTION	0.281	0.219					True
8cx4	F	D	NA	NA	abTCR	0	C	peptide	yeih	NA	MH1	A	B	21.114	TRBV9	TRAV21	NA	NA	IMMUNE SYSTEM	12/07/22	TCR-antigen complex AS8.4-YEIH-HLA*B27	homo sapiens	homo sapiens			escherichia coli	homo sapiens	homo sapiens	Yang, X., Jude, K.M., Garcia, K.C.	2.2	X-RAY DIFFRACTION	0.264	0.220					True
4pri	E	D	NA	NA	abTCR	0	C	peptide	epstein-barr nuclear antigen 1	NA	MH1	A	B	42.699	TRBV9	TRAV20	NA	NA	IMMUNE SYSTEM	04/16/14	Crystal structure of TK3 TCR-HLA-B*35:08-HPVG complex	homo sapiens	homo sapiens			human herpesvirus 4	homo sapiens	homo sapiens	Yu Chih, L., Rossjohn, J., Gras, S.	2.4	X-RAY DIFFRACTION	0.261	0.213					True
8ye4	H	G	NA	NA	abTCR	0	E	peptide	spike protein s1	NA	MH1	A	B	52.907	TRBV6	TRAV12	NA	NA	IMMUNE SYSTEM	08/21/24	The complex of TCR NYN-I and HLA-A24 bound to SARS-CoV-2 Spike448-456 peptide NYNYLYRLF	homo sapiens	homo sapiens			severe acute respiratory syndrome coronavirus2 	homo sapiens	homo sapiens	Deng, S.S., Jin, T.C., Xu, Z.H., Wang, M.H.	3.2	X-RAY DIFFRACTION	0.310	0.266					True
8ye4	J	I	NA	NA	abTCR	0	F	peptide	spike protein s1	NA	MH1	C	D	56.191	TRBV6	TRAV12	NA	NA	IMMUNE SYSTEM	08/21/24	The complex of TCR NYN-I and HLA-A24 bound to SARS-CoV-2 Spike448-456 peptide NYNYLYRLF	homo sapiens	homo sapiens			severe acute respiratory syndrome coronavirus2 	homo sapiens	homo sapiens	Deng, S.S., Jin, T.C., Xu, Z.H., Wang, M.H.	3.2	X-RAY DIFFRACTION	0.310	0.266					True
7n2s	F	D	NA	NA	abTCR	0	C	peptide	pre-mrna processing factor 3	NA	MH1	A	B	22.499	TRBV9	TRAV21	NA	NA	IMMUNE SYSTEM	12/07/22	AS3.1-PRPF3-HLA*B27	homo sapiens	homo sapiens			homo sapiens	homo sapiens	homo sapiens	Yang, X., Jude, K.M., Garcia, K.C.	2.37	X-RAY DIFFRACTION	0.311	0.251					True
7q9a	E	D	NA	NA	abTCR	0	C	peptide	leu-leu-leu-gly-ile-gly-ile-leu-val-leu	NA	MH1	A	B	48.391	TRBV30	TRAV12	NA	NA	IMMUNE SYSTEM	02/22/23	MHC Class I A02 Allele presenting LLLGIGILVL, in complex with Mel5 TCR	homo sapiens	homo sapiens			homo sapiens	homo sapiens	homo sapiens	Rizkallah, P.J., Sewell, A.K., Wall, A., Fuller, A.	2.1	X-RAY DIFFRACTION	0.243	0.205					True
5c08	E	D	NA	NA	abTCR	0	C	peptide	marker peptide	NA	MH1	A	B	44.155	TRBV12	TRAV12	NA	NA	IMMUNE SYSTEM	05/04/16	1E6 TCR in Complex with HLA-A0e carrying RQWGPDPAAV	homo sapiens	homo sapiens			homo sapiens	homo sapiens	homo sapiens	Rizkallah, P.J., Bulek, A.M., Cole, D.K., Sewell, A.K.	2.332	X-RAY DIFFRACTION	0.272	0.206					True
5c08	J	I	NA	NA	abTCR	0	H	peptide	marker peptide	NA	MH1	F	G	45.257	TRBV12	TRAV12	NA	NA	IMMUNE SYSTEM	05/04/16	1E6 TCR in Complex with HLA-A0e carrying RQWGPDPAAV	homo sapiens	homo sapiens			homo sapiens	homo sapiens	homo sapiens	Rizkallah, P.J., Bulek, A.M., Cole, D.K., Sewell, A.K.	2.332	X-RAY DIFFRACTION	0.272	0.206					True
3hg1	E	D	NA	NA	abTCR	0	C	peptide	cancer/mart-1	NA	MH1	A	B	48.397	TRBV30	TRAV12	NA	NA	IMMUNE SYSTEM	07/28/09	Germline-governed recognition of a cancer epitope by an immunodominant human T cell receptor	homo sapiens	homo sapiens			homo sapiens	homo sapiens	homo sapiens	Cole, D.K., Yuan, F., Rizkallah, P.J., Miles, J.J., Gostick, E., Price, D.A., Gao, G.F., Jakobsen, B.K., Sewell, A.K.	3	X-RAY DIFFRACTION	0.304	0.225					False
5jhd	E	D	NA	NA	abTCR	0	C	peptide	influenza m1(58-66) peptide	NA	MH1	A	B	47.601	TRBV19	TRAV38	NA	NA	IMMUNE SYSTEM	03/01/17	Crystal structure of LS10-TCR/M1-HLA-A*02 complex	homo sapiens	homo sapiens			influenza a virus	homo sapiens	homo sapiens	Stern, L.J., Selin, L.K., Song, I.	2.46	X-RAY DIFFRACTION	0.223	0.204					True
5jhd	J	I	NA	NA	abTCR	0	H	peptide	influenza m1(58-66) peptide	NA	MH1	F	G	46.381	TRBV19	TRAV38	NA	NA	IMMUNE SYSTEM	03/01/17	Crystal structure of LS10-TCR/M1-HLA-A*02 complex	homo sapiens	homo sapiens			influenza a virus	homo sapiens	homo sapiens	Stern, L.J., Selin, L.K., Song, I.	2.46	X-RAY DIFFRACTION	0.223	0.204					True
4mnq	E	D	NA	NA	abTCR	0	C	peptide	telomerase reverse transcriptase	NA	MH1	A	B	43.052	TRBV6	TRAV22	NA	NA	IMMUNE SYSTEM	11/13/13	TCR-peptide specificity overrides affinity enhancing TCR-MHC interactions	homo sapiens	pan troglodytes, homo sapiens			homo sapiens	homo sapiens	homo sapiens	Rizkallah, P.J., Cole, D.K., Sewell, A.K., Jakobsen, B.K.	2.742	X-RAY DIFFRACTION	0.284	0.214					True
7dzn	D	E	NA	NA	abTCR	0	C	peptide	gag-pol polyprotein	NA	MH1	A	B	45.412	TRBV12	TRAV26	NA	NA	IMMUNE SYSTEM	01/26/22	Crystal Structure of the cross-restricted T18A TCR and HLAB4201 bound to HIV-1 Gag TL9 peptide	homo sapiens	homo sapiens			human immunodeficiency virus 1	homo sapiens	homo sapiens	Liu, Y., Yin, L.	2.63	X-RAY DIFFRACTION	0.261	0.207					True
7ndu	E	D	NA	NA	abTCR	0	C	peptide	unknown	NA	MH1	A	B	77.244	TRBV7	TRAV4	NA	NA	IMMUNE SYSTEM	01/08/09	Gag:02 TCR in complex with HLA-E featuring a non-natural amino acid								Pengelly, R.J., Robinson, R.A.	2.9	X-RAY DIFFRACTION	0.302	0.242					False
4eup	J	I	NA	NA	abTCR	0	C	peptide	melanoma antigen recognized by t-cells 1	NA	MH1	A	B	32.071	TRBV28	TRAV12	NA	NA	IMMUNE SYSTEM	05/01/13	The complex between TCR JKF6 and human Class I MHC HLA-A2 presenting the MART-1(27-35)(A27L) peptide	homo sapiens	homo sapiens			homo sapiens	homo sapiens	homo sapiens	Hossain, M., Baker, B.M.	2.88	X-RAY DIFFRACTION	0.295	0.235					True
4eup	H	G	NA	NA	abTCR	0	F	peptide	melanoma antigen recognized by t-cells 1	NA	MH1	D	E	31.751	TRBV28	TRAV12	NA	NA	IMMUNE SYSTEM	05/01/13	The complex between TCR JKF6 and human Class I MHC HLA-A2 presenting the MART-1(27-35)(A27L) peptide	homo sapiens	homo sapiens			homo sapiens	homo sapiens	homo sapiens	Hossain, M., Baker, B.M.	2.88	X-RAY DIFFRACTION	0.295	0.235					True
7n1e	E	D	NA	NA	abTCR	0	C	peptide	spike protein s2	NA	MH1	A	B	35.924	TRBV11	TRAV16	NA	NA	IMMUNE SYSTEM	07/28/21	SARS-CoV-2 RLQ peptide-specific TCR pRLQ3 binds to RLQ-HLA-A2	homo sapiens	homo sapiens			severe acute respiratory syndrome coronavirus2 	homo sapiens	homo sapiens	Wu, D., Mariuzza, R.A.	2.3	X-RAY DIFFRACTION	0.258	0.212					True
3qeq	E	D	NA	NA	abTCR	0	C	peptide	mart-1(27-35) peptide	NA	MH1	A	B	44.348	TRBV10	TRAV35	NA	NA	IMMUNE SYSTEM	07/06/11	The complex between TCR DMF4 and human Class I MHC HLA-A2 with the bound MART-1(27-35) nonameric peptide	homo sapiens	homo sapiens				homo sapiens	homo sapiens	Borbulevych, O.Y., Baker, B.M.	2.59	X-RAY DIFFRACTION	0.269	0.215					True
2vlj	E	D	NA	NA	abTCR	0	C	peptide	flu matrix peptide	NA	MH1	A	B	61.297	TRBV19	TRAV27	NA	NA	IMMUNE SYSTEM	01/22/08	The Structural Dynamics and Energetics of an Immunodominant T-cell Receptor are Programmed by its Vbeta Domain	homo sapiens	homo sapiens			unidentified influenza virus	homo sapiens	homo sapiens	Ishizuka, J., Stewart-Jones, G., Van Der Merwe, A., Bell, J., Mcmichael, A., Jones, Y.	2.4	X-RAY DIFFRACTION	0.272	0.196					True
3vxr	E	D	NA	NA	abTCR	0	C	peptide	10-mer peptide from protein nef	NA	MH1	A	B	51.107	TRBV7	TRAV21	NA	NA	IMMUNE SYSTEM	10/23/13	The complex between H27-14 TCR and HLA-A24 bound to HIV-1 Nef134-10(wt) peptide	homo sapiens	homo sapiens			human immunodeficiency virus 1	homo sapiens	homo sapiens	Shimizu, A., Fukai, S., Yamagata, A., Iwamoto, A.	2.4	X-RAY DIFFRACTION	0.242	0.199					True
7nmg	E	D	NA	NA	abTCR	0	C	peptide	diabetes epitope lwmrllpll	NA	MH1	A	B	35.132	TRBV7	TRAV5	NA	NA	IMMUNE SYSTEM	09/07/22	Human MHC Class I, A24 Allele presenting LWM, Complex with 4C6 TCR	homo sapiens	homo sapiens			homo sapiens	homo sapiens	homo sapiens	Rizkallah, P.J., Sewell, A.K., Cole, D.K., Wall, A.	2.48	X-RAY DIFFRACTION	0.271	0.198					True
3d3v	E	D	NA	NA	abTCR	0	C	peptide	modified htlv-1 tax (y5(3,4-difluoro)f) peptide	NA	MH1	A	B	35.930	TRBV6	TRAV12	NA	NA	IMMUNE SYSTEM	06/16/09	The complex between TCR A6 and human Class I MHC HLA-A2 with the modified HTLV-1 TAX (Y5(3,4-difluoroPhenylalanine)) peptide	homo sapiens	homo sapiens				homo sapiens	homo sapiens	Borbulevych, O.Y., Clemens, J.R., Baker, B.M.	2.8	X-RAY DIFFRACTION	0.278	0.220					True
5isz	E	D	NA	NA	abTCR	0	C	peptide	influenza m1 for peptide	NA	MH1	A	B	55.999	TRBV19	TRAV24	NA	NA	IMMUNE SYSTEM	03/01/17	Crystal structure of LS01-TCR/M1-HLA-A*02 complex	homo sapiens	homo sapiens			influenza a virus	homo sapiens	homo sapiens	Stern, L.J., Selin, L.K., Song, I.	2.06	X-RAY DIFFRACTION	0.200	0.184					True
7q9b	J	I	NA	NA	abTCR	0	H	peptide	unknown	NA	MH1	F	G	47.167	TRBV6	TRAV12	NA	NA	IMMUNE SYSTEM	01/08/09	MHC Class I A02 Allele presenting EAAGIGILTV, in complex with Mel8 TCR								Rizkallah, P.J., Sewell, A.K., Wall, A., Fuller, A.	3.24	X-RAY DIFFRACTION	0.277	0.226					False
7q9b	E	D	NA	NA	abTCR	0	C	peptide	unknown	NA	MH1	A	B	47.309	TRBV6	TRAV12	NA	NA	IMMUNE SYSTEM	01/08/09	MHC Class I A02 Allele presenting EAAGIGILTV, in complex with Mel8 TCR								Rizkallah, P.J., Sewell, A.K., Wall, A., Fuller, A.	3.24	X-RAY DIFFRACTION	0.277	0.226					False
6rsy	E	D	NA	NA	abTCR	0	C	peptide	arg-met-phe-pro-asn-ala-pro-tyr-leu	NA	MH1	A	B	52.640	TRBV7	TRAV26	NA	NA	IMMUNE SYSTEM	04/15/20	The complex between TCR a7b2 and human Class I MHC HLA-A0201-WT1 with the bound RMFPNAPYL peptide.	homo sapiens	homo sapiens			homo sapiens	homo sapiens	homo sapiens	Srikannathasan, V., Robinson, R.A.	2.95	X-RAY DIFFRACTION	0.291	0.251					True
6rsy	J	I	NA	NA	abTCR	0	H	peptide	arg-met-phe-pro-asn-ala-pro-tyr-leu	NA	MH1	F	G	53.391	TRBV7	TRAV26	NA	NA	IMMUNE SYSTEM	04/15/20	The complex between TCR a7b2 and human Class I MHC HLA-A0201-WT1 with the bound RMFPNAPYL peptide.	homo sapiens	homo sapiens			homo sapiens	homo sapiens	homo sapiens	Srikannathasan, V., Robinson, R.A.	2.95	X-RAY DIFFRACTION	0.291	0.251					True
1mi5	E	D	NA	NA	abTCR	0	C	peptide	epstein barr virus peptide	NA	MH1	A	B	42.752	TRBV7	TRAV26	NA	NA	IMMUNE SYSTEM	02/04/03	The crystal structure of LC13 TcR in complex with HLAB8-EBV peptide complex	homo sapiens	homo sapiens				homo sapiens	homo sapiens	Kjer-Nielsen, L., Clements, C.S., Purcell, A.W., Brooks, A.G., Whisstock, J.C., Burrows, S.R., McCluskey, J., Rossjohn, J.	2.5	X-RAY DIFFRACTION	0.288	0.226					True
3vxs	E	D	NA	NA	abTCR	0	C	peptide	10-mer peptide from protein nef	NA	MH1	A	B	53.683	TRBV7	TRAV21	NA	NA	IMMUNE SYSTEM	10/23/13	The complex between H27-14 TCR and HLA-A24 bound to HIV-1 Nef134-10(6L) peptide	homo sapiens	homo sapiens			human immunodeficiency virus 1	homo sapiens	homo sapiens	Shimizu, A., Fukai, S., Yamagata, A., Iwamoto, A.	1.8	X-RAY DIFFRACTION	0.230	0.201					True
7ow5	E	D	NA	NA	abTCR	0	C	peptide	kras peptide (vvvgaggvgk)	NA	MH1	A	B	49.011	TRBV6	TRAV19	NA	NA	IMMUNE SYSTEM	07/20/22	Crystal structure of a TCR in complex with HLA-A*11:01 bound to KRAS peptide (VVVGAGGVGK)	homo sapiens	homo sapiens			homo sapiens	homo sapiens	homo sapiens	Karuppiah, V., Robinson, R.A.	2.58	X-RAY DIFFRACTION	0.274	0.206					True
8gvg	B	A	NA	NA	abTCR	0	P	peptide	mutated 8-mer peptide from protein nef	NA	MH1	H	L	55.860	TRBV7	TRAV8	NA	NA	IMMUNE SYSTEM	10/19/22	The complex between public TCR TD08 and HLA-A24 bound to HIV-1 Nef138-8 (2F) peptide	homo sapiens	homo sapiens			hiv whole-genome vector aa1305#18	homo sapiens	homo sapiens	Gao, G.F., Shi, Y., Ma, K., Chai, Y., Guan, J., Qi, J., Tan, S., Dong, T., Iwamoto, A., Kawana-Tachikawa, A.	3.37	X-RAY DIFFRACTION	0.320	0.299					True
2vlk	E	D	NA	NA	abTCR	0	C	peptide	flu matrix peptide	NA	MH1	A	B	62.199	TRBV19	TRAV27	NA	NA	IMMUNE SYSTEM	01/22/08	The Structural Dynamics and Energetics of an Immunodominant T-cell Receptor are Programmed by its Vbeta Domain	homo sapiens	homo sapiens			unidentified influenza virus	homo sapiens	homo sapiens	Ishizuka, J., Stewart-Jones, G., Van Der Merwe, A., Bell, J., Mcmichael, A., Jones, Y.	2.5	X-RAY DIFFRACTION	0.288	0.218					True
7ndq	E	D	NA	NA	abTCR	0	C	peptide	unknown	NA	MH1	A	B	77.515	TRBV7	TRAV4	NA	NA	IMMUNE SYSTEM	01/08/09	Gag:02 TCR in complex with HLA-E.								Pengelly, R.J., Robinson, R.A.	2.551	X-RAY DIFFRACTION	0.296	0.240					False
8gom	E	D	NA	NA	abTCR	0	C	peptide	spike protein s2	NA	MH1	A	B	39.649	TRBV12	TRAV38	NA	NA	IMMUNE SYSTEM/VIRAL PROTEIN	03/01/23	SARS-CoV-2 specific private TCR RLQ7 in complex with RLQ-HLA-A2	homo sapiens	homo sapiens			severe acute respiratory syndrome coronavirus2 	homo sapiens	homo sapiens	Wu, D., Mariuzza, R.A.	2.783	X-RAY DIFFRACTION	0.248	0.195					True
5hhm	J	I	NA	NA	abTCR	0	H	peptide	m1-f5l, gilglvftl	NA	MH1	F	G	63.903	TRBV19	TRAV27	NA	NA	IMMUNE SYSTEM	03/23/16	Crystal Structure of the JM22 TCR in complex with HLA-A*0201 in complex with M1-F5L	homo sapiens	homo sapiens			synthetic construct	homo sapiens	homo sapiens	Gras, S., Josephs, T.M., Rossjohn, J.	2.5	X-RAY DIFFRACTION	0.289	0.216					True
5hhm	E	D	NA	NA	abTCR	0	C	peptide	m1-f5l, gilglvftl	NA	MH1	A	B	63.896	TRBV19	TRAV27	NA	NA	IMMUNE SYSTEM	03/23/16	Crystal Structure of the JM22 TCR in complex with HLA-A*0201 in complex with M1-F5L	homo sapiens	homo sapiens			synthetic construct	homo sapiens	homo sapiens	Gras, S., Josephs, T.M., Rossjohn, J.	2.5	X-RAY DIFFRACTION	0.289	0.216					True
5c0b	J	I	NA	NA	abTCR	0	H	peptide	marker peptide	NA	MH1	F	G	43.895	TRBV12	TRAV12	NA	NA	IMMUNE SYSTEM	05/04/16	1E6 TCR in complex with HLA-A02 carrying RQFGPDFPTI	homo sapiens	homo sapiens			homo sapiens	homo sapiens	homo sapiens	Rizkallah, P.J., Bulek, A.M., Cole, D.K., Sewell, A.K.	2.03	X-RAY DIFFRACTION	0.231	0.192					True
5c0b	E	D	NA	NA	abTCR	0	C	peptide	marker peptide	NA	MH1	A	B	45.151	TRBV12	TRAV12	NA	NA	IMMUNE SYSTEM	05/04/16	1E6 TCR in complex with HLA-A02 carrying RQFGPDFPTI	homo sapiens	homo sapiens			homo sapiens	homo sapiens	homo sapiens	Rizkallah, P.J., Bulek, A.M., Cole, D.K., Sewell, A.K.	2.03	X-RAY DIFFRACTION	0.231	0.192					True
8es8	B	A	NA	NA	abTCR	0	P	peptide	melanoma-associated antigen 4	NA	MH1	N	M	46.058	TRBV28	TRAV14	NA	NA	IMMUNE SYSTEM	05/03/23	CryoEM structure of PN45545 TCR-CD3 in complex with HLA-A2 MAGEA4 (230-239)	homo sapiens	homo sapiens			homo sapiens	homo sapiens	homo sapiens	Saotome, K., Franklin, M.C.	2.65	ELECTRON MICROSCOPY	NA	NA					True
7pb2	E	D	NA	NA	abTCR	0	C	peptide	kras g12d peptide (vvvgadgvgk)	NA	MH1	A	B	44.476	TRBV6	TRAV19	NA	NA	IMMUNE SYSTEM	07/20/22	Crystal structure of JDI TCR in complex with HLA-A*11:01 bound to KRAS G12D peptide (VVVGADGVGK)	homo sapiens	homo sapiens			homo sapiens	homo sapiens	homo sapiens	Coles, C.H., Karuppiah, V., Robinson, R.A.	3.41	X-RAY DIFFRACTION	0.254	0.228					True
7pb2	J	I	NA	NA	abTCR	0	H	peptide	kras g12d peptide (vvvgadgvgk)	NA	MH1	F	G	44.494	TRBV6	TRAV19	NA	NA	IMMUNE SYSTEM	07/20/22	Crystal structure of JDI TCR in complex with HLA-A*11:01 bound to KRAS G12D peptide (VVVGADGVGK)	homo sapiens	homo sapiens			homo sapiens	homo sapiens	homo sapiens	Coles, C.H., Karuppiah, V., Robinson, R.A.	3.41	X-RAY DIFFRACTION	0.254	0.228					True
6rpa	E	D	NA	NA	abTCR	0	C	peptide	heteroclitic ny-eso-1 157-165 peptide	NA	MH1	A	B	73.251	TRBV29	TRAV3	NA	NA	IMMUNE SYSTEM	01/15/20	Crystal structure of the T-cell receptor NYE_S2 bound to HLA A2*01-SLLMWITQV	homo sapiens	homo sapiens			homo sapiens	homo sapiens	homo sapiens	Coles, C.H., Mulvaney, R., Malla, S., Lloyd, A., Smith, K., Chester, F., Knox, A., Stacey, A.R., Dukes, J., Baston, E., Griffin, S., Vuidepot, A., Jakobsen, B.K., Harper, S.	2.56	X-RAY DIFFRACTION	0.293	0.250					True
7n1f	E	D	NA	NA	abTCR	0	C	peptide	spike protein s1	NA	MH1	A	B	41.824	TRBV7	TRAV12	NA	NA	IMMUNE SYSTEM	07/28/21	SARS-CoV-2 YLQ peptide-specific TCR pYLQ7 binds to YLQ-HLA-A2	homo sapiens	homo sapiens			severe acute respiratory syndrome coronavirus2 	homo sapiens	homo sapiens	Wu, D., Mariuzza, R.A.	2.393	X-RAY DIFFRACTION	0.236	0.197					True
5c0c	E	D	NA	NA	abTCR	0	H	peptide	marker peptide	NA	MH1	F	G	43.754	TRBV12	TRAV12	NA	NA	IMMUNE SYSTEM	05/04/16	1E6 TCR in complex with HLA-A02 carrying RQFGPDWIVA	homo sapiens	homo sapiens			homo sapiens	homo sapiens	homo sapiens	Rizkallah, P.J., Bulek, A.M., Cole, D.K., Sewell, A.K.	1.974	X-RAY DIFFRACTION	0.227	0.189					True
5c0c	J	I	NA	NA	abTCR	0	C	peptide	marker peptide	NA	MH1	A	B	43.810	TRBV12	TRAV12	NA	NA	IMMUNE SYSTEM	05/04/16	1E6 TCR in complex with HLA-A02 carrying RQFGPDWIVA	homo sapiens	homo sapiens			homo sapiens	homo sapiens	homo sapiens	Rizkallah, P.J., Bulek, A.M., Cole, D.K., Sewell, A.K.	1.974	X-RAY DIFFRACTION	0.227	0.189					True
6d78	E	D	NA	NA	abTCR	0	C	peptide	melanoma antigen recognized by t-cells 1	NA	MH1	A	B	32.745	TRBV6	TRAV12	NA	NA	IMMUNE SYSTEM	04/03/19	The complex between high-affinity TCR DMF5(alpha-D26Y,beta-L98W) and human Class I MHC HLA-A2 with the bound MART-1(27-35)peptide	homo sapiens	homo sapiens			homo sapiens	homo sapiens	homo sapiens	Hellman, L.M., Singh, N.K.	2.347	X-RAY DIFFRACTION	0.255	0.204					True
4jff	E	D	NA	NA	abTCR	0	C	peptide	melanoma motif	NA	MH1	A	B	42.977	TRBV30	TRAV12	NA	NA	IMMUNE SYSTEM	05/29/13	Preservation of peptide specificity during TCR-MHC contact dominated affinity enhancement of a melanoma-specific TCR	homo sapiens	homo sapiens			homo sapiens	homo sapiens	homo sapiens	Rizkallah, P.J., Cole, D.K., Madura, F., Sewell, A.K.	2.43	X-RAY DIFFRACTION	0.263	0.210					True
4jrx	E	D	NA	NA	abTCR	0	C	peptide	trans-activator protein bzlf1	NA	MH1	A	B	67.964	TRBV6	TRAV19	NA	NA	IMMUNE SYSTEM	04/10/13	Crystal Structure of CA5 TCR-HLA B*3505-LPEP complex	homo sapiens	homo sapiens			human herpesvirus 4	homo sapiens	homo sapiens	Liu, Y.C., Rossjohn, J., Gras, S.	2.3	X-RAY DIFFRACTION	0.257	0.205					True
7nmf	E	D	NA	NA	abTCR	0	C	peptide	gln-leu-pro-arg-leu-phe-pro-leu-leu	NA	MH1	A	B	36.294	TRBV7	TRAV5	NA	NA	IMMUNE SYSTEM	09/07/22	Human MHC Class I, A24 Allele presenting QLPRLFPLL, Complex with 4C6 TCR, monoclinic form	homo sapiens	homo sapiens			homo sapiens	homo sapiens	homo sapiens	Rizkallah, P.J., Sewell, A.K., Cole, D.K., Wall, A.	2.98	X-RAY DIFFRACTION	0.259	0.182					True
6zkx	E	D	NA	NA	abTCR	0	C	peptide	enoyl-[acyl-carrier-protein] reductase [nadh]	NA	MH1	A	B	60.624	TRBV6	TRAV21	NA	NA	IMMUNE SYSTEM	01/26/22	Crystal structure of InhA:01 TCR in complex with HLA-E (Y84C) bound to InhA (53-61 GCG)	homo sapiens	homo sapiens			mycobacterium tuberculosis h37rv	homo sapiens	homo sapiens	Srikannathasan, V., Karuppiah, V., Robinson, R.A.	2.17	X-RAY DIFFRACTION	0.244	0.209					True
3o4l	E	D	NA	NA	abTCR	0	C	peptide	bslf2/bmlf1 protein	NA	MH1	A	B	46.314	TRBV20	TRAV5	NA	NA	IMMUNE SYSTEM	01/12/11	Genetic and structural basis for selection of a ubiquitous T cell receptor deployed in Epstein-Barr virus	homo sapiens	homo sapiens			human herpesvirus 4	homo sapiens	homo sapiens	Miles, J.J., Bulek, A.M., Cole, D.K., Gostick, E., Schauenburg, J.A., Dolton, G., Venturi, V., Davenport, M.P., Tan, M.P., Burrows, S.R., Wooldridge, L., Price, D.A., Rizkallah, P.J., Sewell, A.K.	2.54	X-RAY DIFFRACTION	0.296	0.221					False
8gon	E	D	NA	NA	abTCR	0	C	peptide	spike protein s2	NA	MH1	A	B	38.984	TRBV12	TRAV38	NA	NA	IMMUNE SYSTEM/VIRAL PROTEIN	03/01/23	SARS-CoV-2 specific private TCR RLQ7 in complex with RLQ-T1006I-HLA-A2	homo sapiens	homo sapiens			severe acute respiratory syndrome coronavirus2 	homo sapiens	homo sapiens	Wu, D., Mariuzza, R.A.	2.601	X-RAY DIFFRACTION	0.253	0.198					True
6dkp	E	D	NA	NA	abTCR	0	C	peptide	melanoma antigen recognized by t-cells 1	NA	MH1	A	B	31.997	TRBV6	TRAV12	NA	NA	IMMUNE SYSTEM	04/10/19	The complex among DMF5(alpha-D26Y, alpha-Y50A,beta-L98W) TCR, human Class I MHC HLA-A2 and MART-1(26-35)(A27L) peptide	homo sapiens	homo sapiens			homo sapiens	homo sapiens	homo sapiens	Hellman, L.M., Singh, N.K.	2.966	X-RAY DIFFRACTION	0.286	0.229					True
5nqk	B	A	NA	NA	abTCR	0	P	peptide	melanoma antigen recognized by t-cells 1	NA	MH1	H	L	36.934	TRBV19	TRAV12	NA	NA	IMMUNE SYSTEM	05/30/18	human 199.16 TCR in complex with Melan-A/MART-1 (26-35) peptide and HLA-A2	homo sapiens	homo sapiens			homo sapiens	homo sapiens	homo sapiens	Exertier, C., Reiser, J.-B., Lantez, V., Chouquet, A., Bonneville, M., Saulquin, X., Housset, D.	3.25	X-RAY DIFFRACTION	0.316	0.224					True
2pye	E	D	NA	NA	abTCR	0	C	peptide	cancer/testis antigen 1b	NA	MH1	A	B	65.755	TRBV6	TRAV21	NA	NA	IMMUNE SYSTEM	09/25/07	Crystal Structures of High Affinity Human T-Cell Receptors Bound to pMHC RevealNative Diagonal Binding Geometry TCR Clone C5C1 Complexed with MHC	homo sapiens	homo sapiens				homo sapiens	homo sapiens	Sami, M., Rizkallah, P.J., Dunn, S., Li, Y., Moysey, R., Vuidepot, A., Baston, E., Todorov, P., Molloy, P., Gao, F., Boulter, J.M., Jakobsen, B.K.	2.3	X-RAY DIFFRACTION	0.283	0.192					True
6r2l	E	D	NA	NA	abTCR	0	C	peptide	ser-leu-ser-lys-ile-leu-asp-thr-val	NA	MH1	A	B	62.853	TRBV11	TRAV22	NA	NA	IMMUNE SYSTEM	02/26/20	NYBR1-A2-SLSKILDTV	homo sapiens	homo sapiens			homo sapiens	homo sapiens	homo sapiens	Rizkallah, P.J., Cole, D.K., Sami, M.	2.3	X-RAY DIFFRACTION	0.265	0.214					True
8f5a	D	C	NA	NA	abTCR	0	E	peptide	tw10 peptide	NA	MH1	A	B	50.356	TRBV5	TRAV21	NA	NA	IMMUNE SYSTEM	05/22/24	Crystal Structure of KS1 TCR in complex with HLA-B*57:01-TW10	homo sapiens	homo sapiens			human immunodeficiency virus 1	homo sapiens	homo sapiens	Chatzileontiadou, D.S.M., Lobos, C.A., Gras, S.	1.95	X-RAY DIFFRACTION	0.237	0.202					True
7pbc	B	A	NA	NA	abTCR	0	E	peptide	unknown	NA	MH1	C	D	28.858	TRBV6	TRAV12	NA	NA	IMMUNE SYSTEM	01/08/09	Crystal structure of engineered TCR (796) complexed to HLA-A*02:01 presenting MAGE-A10 9-mer peptide								Simister, P.C., Border, E.C., Vieira, J.F., Pumphrey, N.J.	2.04	X-RAY DIFFRACTION	0.236	0.187					False
3mv7	E	D	NA	NA	abTCR	0	C	peptide	hpvg peptide from epstein-barr nuclear antigen 1	NA	MH1	A	B	42.517	TRBV9	TRAV20	NA	NA	IMMUNE SYSTEM	06/09/10	Crystal Structure of the TK3 TCR in complex with HLA-B*3501/HPVG	homo sapiens	homo sapiens				homo sapiens	homo sapiens	Gras, S., Chen, Z., Miles, J.J., Liu, Y.C., Bell, M.J., Sullivan, L.C., Kjer-Nielsen, L., Brennan, R.M., Burrows, J.M., Neller, M.A., Khanna, R., Purcell, A.W., Brooks, A.G., McCluskey, J., Rossjohn, J., Burrows, S.R.	2	X-RAY DIFFRACTION	0.286	0.225					True
5yxn	B	A	NA	NA	abTCR	0	I	peptide	ns3 peptide	NA	MH1	C	D	30.247	TRBV25	TRAV38	NA	NA	IMMUNE SYSTEM	12/12/18	A T cell receptor in complex with HLA-A0201 restricted Hepatitis C virus NS3 peptide (KLVALGINAV)	homo sapiens	homo sapiens			hepatitis c virus	homo sapiens	homo sapiens	Hui, F.	2.03	X-RAY DIFFRACTION	0.223	0.193					True
5e9d	J	I	NA	NA	abTCR	0	H	peptide	melanoma derived mart-1 peptide	NA	MH1	F	G	36.540	TRBV6	TRAV12	NA	NA	PROTEIN BINDING	06/08/16	RD-1 Mart-1 High bound to Mart-1 decameric peptide (ELA) in complex with HLA-A2	homo sapiens	homo sapiens			homo sapiens	homo sapiens	homo sapiens	Singh, N.K., Baker, B.M.	2.51	X-RAY DIFFRACTION	0.232	0.180					True
5e9d	E	D	NA	NA	abTCR	0	C	peptide	melanoma derived mart-1 peptide	NA	MH1	A	B	41.282	TRBV6	TRAV12	NA	NA	PROTEIN BINDING	06/08/16	RD-1 Mart-1 High bound to Mart-1 decameric peptide (ELA) in complex with HLA-A2	homo sapiens	homo sapiens			homo sapiens	homo sapiens	homo sapiens	Singh, N.K., Baker, B.M.	2.51	X-RAY DIFFRACTION	0.232	0.180					True
6amu	E	D	NA	NA	abTCR	0	C	peptide	met-met-trp-asp-arg-gly-leu-gly-met-met	NA	MH1	A	B	36.974	TRBV6	TRAV12	NA	NA	IMMUNE SYSTEM	08/15/18	Crystal structure of DMF5 TCR bound to HLA-A2 presenting synthetic peptide MMWDRGLGMM	homo sapiens	homo sapiens			synthetic construct	homo sapiens	homo sapiens	Riley, T.P., Baker, B.M.	2.151	X-RAY DIFFRACTION	0.226	0.180					True
5brz	E	D	NA	NA	abTCR	0	C	peptide	glu-val-asp-pro-ile-gly-his-leu-tyr	NA	MH1	A	B	57.904	TRBV5	TRAV21	NA	NA	IMMUNE SYSTEM	03/02/16	MAGE-A3 reactive TCR in complex with MAGE-A3 in HLA-A1	homo sapiens	homo sapiens			homo sapiens	homo sapiens	homo sapiens	Raman, M.C.C., Rizkallah, P.J., Simmons, R., Donnellan, Z., Dukes, J., Bossi, G., LeProvost, G., Mahon, T., Hickman, E., LomaX, M., Oates, J., Hassan, N., Vuidepot, A., Sami, M., Cole, D.K., Jakobsen, B.K.	2.62	X-RAY DIFFRACTION	0.268	0.193					True
3h9s	E	D	NA	NA	abTCR	0	C	peptide	tel1p peptide	NA	MH1	A	B	36.494	TRBV6	TRAV12	NA	NA	IMMUNE SYSTEM	01/12/10	The complex between TCR A6 and human Class I MHC HLA-A2 with the bound Tel1p peptide	homo sapiens	homo sapiens				homo sapiens	homo sapiens	Borbulevych, O.Y., Baker, B.M.	2.7	X-RAY DIFFRACTION	0.289	0.217					True
4prp	E	D	NA	NA	abTCR	0	C	peptide	epstein-barr nuclear antigen 1	NA	MH1	A	B	42.431	TRBV9	TRAV20	NA	NA	IMMUNE SYSTEM	04/16/14	Crystal structure of TK3 TCR-HLA-B*35:01-HPVG-Q5 complex	homo sapiens	homo sapiens			human herpesvirus 4	homo sapiens	homo sapiens	Yu Chih, L., Rossjohn, J., Gras, S.	2.5	X-RAY DIFFRACTION	0.229	0.180					True
5nme	J	I	NA	NA	abTCR	0	H	peptide	gag protein	NA	MH1	F	G	52.367	TRBV5	TRAV12	NA	NA	IMMUNE SYSTEM	11/15/17	868 TCR in complex with HLA A02 presenting SLYNTVATL	homo sapiens	homo sapiens			human immunodeficiency virus 1	homo sapiens	homo sapiens	Rizkallah, P.J., Cole, D.K., Fuller, A., Sewell, A.K.	2.94	X-RAY DIFFRACTION	0.263	0.196					True
5nme	E	D	NA	NA	abTCR	0	C	peptide	gag protein	NA	MH1	A	B	52.384	TRBV5	TRAV12	NA	NA	IMMUNE SYSTEM	11/15/17	868 TCR in complex with HLA A02 presenting SLYNTVATL	homo sapiens	homo sapiens			human immunodeficiency virus 1	homo sapiens	homo sapiens	Rizkallah, P.J., Cole, D.K., Fuller, A., Sewell, A.K.	2.94	X-RAY DIFFRACTION	0.263	0.196					True
4g9f	E	D	NA	NA	abTCR	0	C	peptide	gag protein	NA	MH1	A	B	41.591	TRBV6	TRAV14	NA	NA	IMMUNE SYSTEM	03/20/13	Crystal Structure of C12C TCR-HLAB2705-KK10-L6M	homo sapiens	homo sapiens			human immunodeficiency virus 1	homo sapiens	homo sapiens	Gras, S., Wilmann, P.G., Rossjohn, J.	1.9	X-RAY DIFFRACTION	0.238	0.187					True
4g8g	E	D	NA	NA	abTCR	0	C	peptide	p24	NA	MH1	A	B	41.186	TRBV6	TRAV14	NA	NA	IMMUNE SYSTEM	03/20/13	Crystal Structure of C12C TCR-HA B2705-KK10	homo sapiens	homo sapiens			human immunodeficiency virus 1	homo sapiens	homo sapiens	Gras, S., Wilmann, P.G., Rossjohn, J.	2.4	X-RAY DIFFRACTION	0.257	0.178					True
7n2o	F	D	NA	NA	abTCR	0	C	peptide	yeih protein	NA	MH1	A	B	21.056	TRBV9	TRAV21	NA	NA	IMMUNE SYSTEM	12/07/22	AS4.2-YEIH-HLA*B27	homo sapiens	homo sapiens			homo sapiens	homo sapiens	homo sapiens	Yang, X., Jude, K.M., Garcia, K.C.	2.3	X-RAY DIFFRACTION	0.267	0.221					True
5tez	J	I	NA	NA	abTCR	0	C	peptide	gly-ile-leu-gly-phe-val-phe-thr-leu	NA	MH1	A	B	34.416	TRBV27	TRAV13	NA	NA	IMMUNE SYSTEM	09/27/17	TCR F50 recgonizing M1-HLA-A2	homo sapiens	homo sapiens			influenza a virus	homo sapiens	homo sapiens	Yang, X., Mariuzza, R.A.	1.7	X-RAY DIFFRACTION	0.224	0.190					True
3d39	E	D	NA	NA	abTCR	0	C	peptide	modified htlv-1 tax (y5(4fluoro)f) peptide	NA	MH1	A	B	36.650	TRBV6	TRAV12	NA	NA	IMMUNE SYSTEM	06/16/09	The complex between TCR A6 and human Class I MHC HLA-A2 with the modified HTLV-1 TAX (Y5(4-fluoroPhenylalanine)) peptide	homo sapiens	homo sapiens				homo sapiens	homo sapiens	Borbulevych, O.Y., Clemens, J.R., Baker, B.M.	2.81	X-RAY DIFFRACTION	0.269	0.201					True
6zkw	E	D	NA	NA	abTCR	0	C	peptide	enoyl-[acyl-carrier-protein] reductase [nadh]	NA	MH1	A	B	60.156	TRBV6	TRAV21	NA	NA	IMMUNE SYSTEM	01/26/22	Crystal structure of InhA:01 TCR in complex with HLA-E bound to InhA (53-61)	homo sapiens	homo sapiens			mycobacterium tuberculosis h37rv	homo sapiens	homo sapiens	Srikannathasan, V., Karuppiah, V., Robinson, R.A.	2.26	X-RAY DIFFRACTION	0.287	0.243					True
4ftv	E	D	NA	NA	abTCR	0	C	peptide	protein tax-1	NA	MH1	A	B	34.205	TRBV6	TRAV12	NA	NA	IMMUNE SYSTEM	07/03/13	The complex between the high affinity version of A6 TCR (A6c134) and human Class I MHC HLA-A2 with the bound TAX nonameric peptide	homo sapiens	homo sapiens			human t-cell lymphotropic virus type 1 (africanisolate) 	homo sapiens	homo sapiens	Borbulevych, O.Y., Baker, B.M.	2.74	X-RAY DIFFRACTION	0.260	0.216					True
2esv	E	D	NA	NA	abTCR	0	P	peptide	vmaprtlil peptide from cmv gpul40	NA	MH1	A	B	39.357	TRBV14	TRAV26	NA	NA	IMMUNE SYSTEM	03/21/06	Structure of the HLA-E-VMAPRTLIL/KK50.4 TCR complex	homo sapiens	homo sapiens				homo sapiens	homo sapiens	Hoare, H.L., Rossjohn, J.	2.6	X-RAY DIFFRACTION	0.292	0.214					True
5euo	H	G	NA	NA	abTCR	0	I	peptide	matrix protein 1	NA	MH1	C	D	66.140	TRBV19	TRAV27	NA	NA	IMMUNE SYSTEM	11/23/16	PF6-M1-HLA-A2	homo sapiens	homo sapiens			influenza a virus	homo sapiens	homo sapiens	Yang, X.	2.1	X-RAY DIFFRACTION	0.281	0.229					True
5euo	F	E	NA	NA	abTCR	0	J	peptide	matrix protein 1	NA	MH1	A	B	65.213	TRBV19	TRAV27	NA	NA	IMMUNE SYSTEM	11/23/16	PF6-M1-HLA-A2	homo sapiens	homo sapiens			influenza a virus	homo sapiens	homo sapiens	Yang, X.	2.1	X-RAY DIFFRACTION	0.281	0.229					True
4jfd	E	D	NA	NA	abTCR	0	C	peptide	melanoma peptide	NA	MH1	A	B	42.674	TRBV30	TRAV12	NA	NA	IMMUNE SYSTEM	05/29/13	Preservation of peptide specificity during TCR-MHC contact dominated affinity enhancement of a melanoma-specific TCR	homo sapiens	homo sapiens				homo sapiens	homo sapiens	Rizkallah, P.J., Cole, D.K., Madura, F., Sewell, A.K.	2.46	X-RAY DIFFRACTION	0.248	0.202					True
6zky	E	D	NA	NA	abTCR	0	C	peptide	enoyl-[acyl-carrier-protein] reductase [nadh]	NA	MH1	A	B	59.775	TRBV6	TRAV21	NA	NA	IMMUNE SYSTEM	01/26/22	Crystal structure of InhA:01 TCR in complex with HLA-E (S147C) bound to InhA (53-61 H3C)	homo sapiens	homo sapiens			mycobacterium tuberculosis h37rv	homo sapiens	homo sapiens	Srikannathasan, V., Karuppiah, V., Robinson, R.A.	2.65	X-RAY DIFFRACTION	0.273	0.227					True
6tro	E	D	NA	NA	abTCR	0	C	peptide	mage-a4 peptide (amino acids 230-239)	NA	MH1	A	B	58.866	TRBV28	TRAV10	NA	NA	IMMUNE SYSTEM	06/24/20	Crystal structure of the T-cell receptor GVY01 bound to HLA A2*01-GVYDGREHTV	homo sapiens	homo sapiens			homo sapiens	homo sapiens	homo sapiens	Coles, C.H., McMurran, C., Lloyd, A., Hibbert, L., Lupardus, P.J., Cole, D.K., Harper, S.	3	X-RAY DIFFRACTION	0.270	0.213					True
7n2p	F	D	NA	NA	abTCR	0	C	peptide	ribonuclease h2 subunit b	NA	MH1	A	B	22.868	TRBV9	TRAV21	NA	NA	IMMUNE SYSTEM	12/07/22	AS4.3-RNASEH2b-HLA*B27	homo sapiens	homo sapiens			homo sapiens	homo sapiens	homo sapiens	Yang, X., Jude, K.M., Garcia, K.C.	2.5	X-RAY DIFFRACTION	0.288	0.230					True
7r80	B	A	NA	NA	abTCR	0	E	peptide	gln-ala-ser-gln-glu-val-lys-asn-trp	NA	MH1	C	D	17.588	TRBV6	TRAV21	NA	NA	VIRAL PROTEIN/IMMUNE SYSTEM	06/29/22	Crystal structure of C3 TCR complex with QW9-bound HLA-B*5301	homo sapiens	homo sapiens			hiv-1 06tg.ht008	homo sapiens	homo sapiens	Li, X.L., Tan, K.M., Walker, B.D., Wang, J.H.	2.9	X-RAY DIFFRACTION	0.287	0.233					True
1bd2	E	D	NA	NA	abTCR	0	C	peptide	tax peptide	NA	MH1	A	B	49.404	TRBV6	TRAV29	NA	NA	COMPLEX (MHC/VIRAL PEPTIDE/RECEPTOR)	08/19/98	COMPLEX BETWEEN HUMAN T-CELL RECEPTOR B7, VIRAL PEPTIDE (TAX) AND MHC CLASS I MOLECULE HLA-A 0201	homo sapiens	homo sapiens			human t-lymphotropic virus 1	homo sapiens	homo sapiens	Ding, Y.-H., Smith, K.J., Garboczi, D.N., Utz, U., Biddison, W.E., Wiley, D.C.	2.5	X-RAY DIFFRACTION	0.312	0.238					True
4l3e	E	D	NA	NA	abTCR	0	C	peptide	melanoma antigen recognized by t-cells 1	NA	MH1	A	B	32.607	TRBV6	TRAV12	NA	NA	IMMUNE SYSTEM	06/11/14	The complex between high affinity TCR DMF5(alpha-D26Y,beta-L98W) and human Class I MHC HLA-A2 with the bound MART-1(26-35)(A27L) peptide	homo sapiens	homo sapiens			homo sapiens	homo sapiens	homo sapiens	Hellman, L.M.	2.557	X-RAY DIFFRACTION	0.266	0.229					True
7phr	B	A	NA	NA	abTCR	0	P	peptide	tumor-associated antigentic peptide gp100	NA	MH1	H	L	43.774	TRBV19	TRAV17	NA	NA	IMMUNE SYSTEM	08/31/22	Structure of a fully assembled T-cell receptor engaging a tumor-associated peptide-MHC I	homo sapiens	homo sapiens			homo sapiens	homo sapiens	homo sapiens	Susac, L., Thomas, C., Tampe, R.	3.08	ELECTRON MICROSCOPY	NA	NA					True
3ffc	J	I	NA	NA	abTCR	0	H	peptide	flrgraygl peptide from an ebv protein	NA	MH1	F	G	29.779	TRBV11	TRAV14	NA	NA	IMMUNE SYSTEM	01/27/09	Crystal Structure of CF34 TCR in complex with HLA-B8/FLR	homo sapiens	homo sapiens			synthetic construct	homo sapiens	homo sapiens	Gras, S., Burrows, S.R., Kjer-Nielsen, L., Clements, C.S., Liu, Y.C., Sullivan, L.C., Brooks, A.G., Purcell, A.W., McCluskey, J., Rossjohn, J.	2.8	X-RAY DIFFRACTION	0.268	0.221					True
3ffc	E	D	NA	NA	abTCR	0	C	peptide	flrgraygl peptide from an ebv protein	NA	MH1	A	B	28.329	TRBV11	TRAV14	NA	NA	IMMUNE SYSTEM	01/27/09	Crystal Structure of CF34 TCR in complex with HLA-B8/FLR	homo sapiens	homo sapiens			synthetic construct	homo sapiens	homo sapiens	Gras, S., Burrows, S.R., Kjer-Nielsen, L., Clements, C.S., Liu, Y.C., Sullivan, L.C., Brooks, A.G., Purcell, A.W., McCluskey, J., Rossjohn, J.	2.8	X-RAY DIFFRACTION	0.268	0.221					True
4jry	E	D	NA	NA	abTCR	0	C	peptide	trans-activator protein bzlf1	NA	MH1	A	B	63.754	TRBV5	TRAV39	NA	NA	IMMUNE SYSTEM	04/10/13	Crystal Structure of SB47 TCR-HLA B*3505-LPEP complex	homo sapiens	homo sapiens			human herpesvirus 4	homo sapiens	homo sapiens	Liu, Y.C., Rossjohn, J., Gras, S.	2.8	X-RAY DIFFRACTION	0.233	0.200					True
6uz1	E	D	NA	NA	abTCR	0	C	peptide	leu-leu-phe-gly-tyr-pro-val-tyr-val	NA	MH1	A	B	59.964	TRBV6	TRAV12	NA	NA	IMMUNE SYSTEM	10/28/20	Noncanonical binding of single-chain A6 TCR variant S3-4 in complex with Tax/HLA-A2	homo sapiens	homo sapiens			homo sapiens	homo sapiens	homo sapiens	Ma, J., Singh, N.K.	3.14	X-RAY DIFFRACTION	0.239	0.189					True
6uz1	J	I	NA	NA	abTCR	0	H	peptide	leu-leu-phe-gly-tyr-pro-val-tyr-val	NA	MH1	F	G	57.228	TRBV6	TRAV12	NA	NA	IMMUNE SYSTEM	10/28/20	Noncanonical binding of single-chain A6 TCR variant S3-4 in complex with Tax/HLA-A2	homo sapiens	homo sapiens			homo sapiens	homo sapiens	homo sapiens	Ma, J., Singh, N.K.	3.14	X-RAY DIFFRACTION	0.239	0.189					True
6vrm	E	D	NA	NA	abTCR	0	P	peptide	cellular tumor antigen p53 peptide	NA	MH1	A	B	51.427	TRBV6	TRAV12	NA	NA	IMMUNE SYSTEM	06/17/20	T cell receptor-p53-HLA-A2 complex	homo sapiens	homo sapiens			homo sapiens	homo sapiens	homo sapiens	Wu, D., Gallagher, D.T., Gowthaman, R., Pierce, B.G., Mariuzza, R.A.	2.61	X-RAY DIFFRACTION	0.275	0.191					True
7n2r	F	D	NA	NA	abTCR	0	C	peptide	pre-mrna processing factor 3	NA	MH1	A	B	22.100	TRBV9	TRAV21	NA	NA	IMMUNE SYSTEM	12/07/22	AS4.3-PRPF3-HLA*B27	homo sapiens	homo sapiens			homo sapiens	homo sapiens	homo sapiens	Yang, X., Jude, K.M., Garcia, K.C.	2.28	X-RAY DIFFRACTION	0.288	0.248					True
3qfj	E	D	NA	NA	abTCR	0	C	peptide	tax(y5f) peptide	NA	MH1	A	B	35.624	TRBV6	TRAV12	NA	NA	IMMUNE SYSTEM	01/11/12	The complex between TCR A6 and human Class I MHC HLA-A2 with the modified TAX (Y5F) peptide	homo sapiens	homo sapiens				homo sapiens	homo sapiens	Borbulevych, O.Y., Baker, B.M.	2.29	X-RAY DIFFRACTION	0.271	0.218					True
3gsn	B	A	NA	NA	abTCR	0	P	peptide	hcmv pp65 fragment 495-503 (nlvpmvatv)	NA	MH1	H	L	39.456	TRBV6	TRAV24	NA	NA	IMMUNE SYSTEM	08/04/09	Crystal structure of the public RA14 TCR in complex with the HCMV dominant NLV/HLA-A2 epitope	homo sapiens	homo sapiens				homo sapiens	homo sapiens	Gras, S., Saulquin, X., Reiser, J.-B., Debeaupuis, E., Echasserieau, K., Kissenpfennig, A., Legoux, F., Chouquet, A., Le Gorrec, M., Machillot, P., Neveu, B., Thielens, N., Malissen, B., Bonneville, M., Housset, D.	2.8	X-RAY DIFFRACTION	0.290	0.215					True
7ow6	E	D	NA	NA	abTCR	0	C	peptide	kras g12d peptide (vvvgadgvgk)	NA	MH1	A	B	48.664	TRBV6	TRAV19	NA	NA	IMMUNE SYSTEM	07/20/22	Crystal structure of a TCR in complex with HLA-A*11:01 bound to KRAS G12D peptide (VVVGADGVGK)	homo sapiens	homo sapiens			homo sapiens	homo sapiens	homo sapiens	Karuppiah, V., Robinson, R.A.	2.64	X-RAY DIFFRACTION	0.268	0.211					True
4jfe	E	D	NA	NA	abTCR	0	C	peptide	melanoma peptide l7a	NA	MH1	A	B	42.798	TRBV30	TRAV12	NA	NA	IMMUNE SYSTEM	05/29/13	Preservation of peptide specificity during TCR-MHC contact dominated affinity enhancement of a melanoma-specific TCR	homo sapiens	homo sapiens				homo sapiens	homo sapiens	Rizkallah, P.J., Cole, D.K., Madura, F., Sewell, A.K.	2.7	X-RAY DIFFRACTION	0.250	0.202					True
3mv9	E	D	NA	NA	abTCR	0	C	peptide	hpvg peptide from epstein-barr nuclear antigen 1	NA	MH1	A	B	41.382	TRBV9	TRAV20	NA	NA	IMMUNE SYSTEM	06/09/10	Crystal Structure of the TK3-Gln55Ala TCR in complex with HLA-B*3501/HPVG	homo sapiens	homo sapiens				homo sapiens	homo sapiens	Gras, S., Chen, Z., Miles, J.J., Liu, Y.C., Bell, M.J., Sullivan, L.C., Kjer-Nielsen, L., Brennan, R.M., Burrows, J.M., Neller, M.A., Khanna, R., Purcell, A.W., Brooks, A.G., McCluskey, J., Rossjohn, J., Burrows, S.R.	2.7	X-RAY DIFFRACTION	0.331	0.234					True
6q3s	E	D	NA	NA	abTCR	0	C	peptide	ser-leu-leu-met-trp-ile-thr-gln-val	NA	MH1	A	B	67.059	TRBV6	TRAV21	NA	NA	IMMUNE SYSTEM	07/24/19	Engineered Human HLA_A2 MHC Class I molecule in complex with TCR and SV9 peptide	homo sapiens	homo sapiens			homo sapiens	homo sapiens	homo sapiens	Meijers, R., Anjanappa, R., Springer, S., Garcia-Alai, M.	2.5	X-RAY DIFFRACTION	0.273	0.229					True
5men	E	D	NA	NA	abTCR	0	C	peptide	ile-leu-ala-lys-phe-leu-his-trp-leu	NA	MH1	A	B	40.823	TRBV6	TRAV22	NA	NA	IMMUNE SYSTEM	12/07/16	Human Leukocyte Antigen A02 presenting ILAKFLHWL, in complex with cognate T-Cell Receptor	homo sapiens	homo sapiens			homo sapiens	homo sapiens	homo sapiens	Rizkallah, P.J., Lloyd, A., Crowther, M., Cole, D.K., Sewell, A.K.	2.81	X-RAY DIFFRACTION	0.272	0.189					True
1ao7	E	D	NA	NA	abTCR	0	C	peptide	tax peptide	NA	MH1	A	B	34.827	TRBV6	TRAV12	NA	NA	COMPLEX (MHC/VIRAL PEPTIDE/RECEPTOR)	09/17/97	COMPLEX BETWEEN HUMAN T-CELL RECEPTOR, VIRAL PEPTIDE (TAX), AND HLA-A 0201	homo sapiens	homo sapiens			human t-lymphotropic virus 1	homo sapiens	homo sapiens	Garboczi, D.N., Ghosh, P., Utz, U., Fan, Q.R., Biddison, W.E., Wiley, D.C.	2.6	X-RAY DIFFRACTION	0.320	0.245					True
