Peptide,HLA,Va,Ja,TCRa,CDR3a,Vb,Jb,TCRb,CDR3b
ADGLAYFRSSFKGG,H-2Eb1/H-2Eb1,TRAV4N-4*01,TRAJ34*01,GDQVEQSPSALSLHEGTGSALRCNFTTTMRAVQWFRKNSRGSLINLFYLASGTKENGRLKSAFDSKERYSTLHIRDAQLEDSGTYFCCAAEASNTNKVVFFGTGTRLQVSPN,CAAEASNTNKVVF,TRBV26*01,TRBJ1-2*01,,CASSLNNANSDYTF
ANGVAFFLTPFKA,H-2Eb1/H-2Eb1,TRAV4N-4*01,TRAJ34*01,GDQVEQSPSALSLHEGTGSALRCNFTTTMRAVQWFRKNSRGSLINLFYLASGTKENGRLKSAFDSKERYSTLHIRDAQLEDSGTYFCCAAEASNTNKVVFFGTGTRLQVSPN,CAAEASNTNKVVF,TRBV26*01,TRBJ1-2*01,,CASSLNNANSDYTF
GAMKRHGLDNYRGYSLG,H-2Aa/H-2Aa,TRAV4-2*01,TRAJ32*01,GMPVEQNPPALSLYEGADSGLRCNFSTTMKSVQWFQQNHRGRLITLFYLAQGTKENGRLKSTFNSKERYSTLHIKDAQLEDSGTYFCCAAEDGGSGNKLIFFGIGTLLSVKPN,CAAEDGGSGNKLIF,TRBV13-3*01,TRBJ1-3*01,EAAVTQSPRSKVAVTGGKVTLSCHQTNNHDYMYWYRQDTGHGLRLIHYSYVADSTEKGDIPDGYKASRPSQENFSLILELASLSQTAVYFCCASSWDRAGNTLYFFGEGSRLIVVE,CASSWDRAGNTLYF
ADLIAYLEQATKG,H-2Eb1/H-2Eb1,TRAV4N-4*01,TRAJ16*01,GDQVEQSPSALSLHEGTGSALRCNFTTTMRAVQWFRKNSRGSLINLFYLASGTKENGRLKSAFDSKERYSTLHIRDAQLEDSGTYFCCAAEPSSGQKLVFFGQGTILKVYLH,CAAEPSSGQKLVF,TRBV26*01,TRBJ1-2*01,,CASSLNNANSDYTF
ADLIAYLKQATKG,H-2Eb1/H-2Eb1,TRAV4N-4*01,TRAJ16*01,GDQVEQSPSALSLHEGTGSALRCNFTTTMRAVQWFRKNSRGSLINLFYLASGTKENGRLKSAFDSKERYSTLHIRDAQLEDSGTYFCCAAEPSSGQKLVFFGQGTILKVYLH,CAAEPSSGQKLVF,TRBV26*01,TRBJ1-2*01,,CASSLNNANSDYTF
GVYATXSSAVRLR,HLA-DRA*01:01/HLA-DRB1*04:01,TRAV4D-4*01,TRAJ37*01,GDQVEQSPSALSLHEGTSSALRCNFTTTTRSVQWFRQNSRGSLINLFYLASGTKENGRLKSAFDSKELYSTLHIRDAQLEDSGTYFCCAAGITGNTGKLIFFGLGTTLQVQPD,CAAGITGNTGKLIF,TRBV5*01,TRBJ2-1*01,NTKITQSPRYLILGRANKSLECEQHLGHNAMYWYKQSAEKPPELMFLYNLKQLIRNETVPSRFIPECPDSSKLLLHISAVDPEDSAVYFCCASSQFRDRGAEQFFFGPGTRLTVLE,CASSQFRDRGAEQFF
ADLIAYLKQATKG,H-2Eb1/H-2Eb1,TRAV4N-4*01,TRAJ56*01,GDQVEQSPSALSLHEGTGSALRCNFTTTMRAVQWFRKNSRGSLINLFYLASGTKENGRLKSAFDSKERYSTLHIRDAQLEDSGTYFCCAALRATGGNNKLTFFGQGTVLSVIPD,CAALRATGGNNKLTF,TRBV26*01,TRBJ2-5*01,,CASSLNWSQDTQYF
ADSLSFFSSSIKRGGGSLVP,H-2Eb1/H-2Eb1,TRAV4N-4*01,TRAJ56*01,GDQVEQSPSALSLHEGTGSALRCNFTTTMRAVQWFRKNSRGSLINLFYLASGTKENGRLKSAFDSKERYSTLHIRDAQLEDSGTYFCCAALRATGGNNKLTFFGQGTVLSVIPD,CAALRATGGNNKLTF,TRBV26*01,TRBJ2-5*01,,CASSLNWSQDTQYF
PADPLAFFSSAIKGGGGSLV,H-2Eb1/H-2Eb1,TRAV4N-4*01,TRAJ56*01,GDQVEQSPSALSLHEGTGSALRCNFTTTMRAVQWFRKNSRGSLINLFYLASGTKENGRLKSAFDSKERYSTLHIRDAQLEDSGTYFCCAALRATGGNNKLTFFGQGTVLSVIPD,CAALRATGGNNKLTF,TRBV26*01,TRBJ2-5*01,,CASSLNWSQDTQYF
FEAQKAKANKAVD,H-2Aa/H-2Aa,TRAV6-3*01,TRAJ13*01,GDSVIQMQGQVTLSENDFLFINCTYSTTGYPTLFWYVQYSGEGPQLLLQVTTANNKGSSRGFEATYDKGTTSFHLQKTSVQEIDSAVYYCCAANSGTYQRFFGTGTKLQVVPN,CAANSGTYQRF,TRBV13-2*01,TRBJ2-4*01,EAAVTQSPRNKVAVTGGKVTLSCNQTNNHNNMYWYRQDTGHGLRLIHYSYGAGSTEKGDIPDGYKASRPSQENFSLILELATPSQTSVYFCCASGDFWGDTLYFFGAGTRLSVLE,CASGDFWGDTLYF
SRGGASQYRPSQ,H-2Aa/H-2Aa,TRAV14-3*01,TRAJ13*01,KILTASFLLLGLHLAGVSGQQEKRDQQQVRQSPQSLTVWEGETAILNCSYENSAFDYFPWYQQFPGEGPALLISILSVSDKKEDGRFTIFFNKREKKLSLHIADSQPGDSATYFCCAASANSGTYQRFFGTGTKLQVVPN,CAASANSGTYQRF,TRBV13-2*01,TRBJ2-7*01,EAAVTQSPRNKVAVTGGKVTLSCNQTNNHNNMYWYRQDTGHGLRLIHYSYGAGSTEKGDIPDGYKASRPSQENFSLILELATPSQTSVYFCCASGDAGGGYEQYFFGPGTRLTVLE,CASGDAGGGYEQYF
RVSYYGPKTSPVQ,H-2Aa/H-2Aa,TRAV14-3*01,TRAJ52*01,KILTASFLLLGLHLAGVSGQQEKRDQQQVRQSPQSLTVWEGETAILNCSYENSAFDYFPWYQQFPGEGPALLISILSVSDKKEDGRFTIFFNKREKKLSLHIADSQPGDSATYFCCAASATGANTGKLTFFGHGTILRVHPN,CAASATGANTGKLTF,TRBV13-2*01,TRBJ2-4*01,EAAVTQSPRNKVAVTGGKVTLSCNQTNNHNNMYWYRQDTGHGLRLIHYSYGAGSTEKGDIPDGYKASRPSQENFSLILELATPSQTSVYFCCASGDFWGDTLYFFGAGTRLSVLE,CASGDFWGDTLYF
FEAQKAKANKAV,H-2Aa/H-2Aa,TRAV14N-2*01,TRAJ31*01,KILTASFLLLGLHLAGVSGQQQEKRDQQQVRQSPQSLTVWEGETAILNCSYEDSTFDYFPWYWQFPRESPALLIAIRPVSNKKEDGRFTIFFNKREKKLSLHITDSQPGDSATYFCCAASDNRIFFFGDGTQLVVKPN,CAASDNRIFF,TRBV13-2*01,TRBJ2-7*01,EAAVTQSPRNKVAVTGGKVTLSCNQTNNHNNMYWYRQDTGHGLRLIHYSYGAGSTEKGDIPDGYKASRPSQENFSLILELATPSQTSVYFCCASGDAWGYEQYFFGPGTRLTVLE,CASGDAWGYEQYF
RVSYYGPKTSPVQ,H-2Aa/H-2Aa,TRAV14-3*01,TRAJ52*01,KILTASFLLLGLHLAGVSGQQEKRDQQQVRQSPQSLTVWEGETAILNCSYENSAFDYFPWYQQFPGEGPALLISILSVSDKKEDGRFTIFFNKREKKLSLHIADSQPGDSATYFCCAASDTGANTGKLTFFGHGTILRVHPN,CAASDTGANTGKLTF,TRBV13-2*01,TRBJ2-4*01,EAAVTQSPRNKVAVTGGKVTLSCNQTNNHNNMYWYRQDTGHGLRLIHYSYGAGSTEKGDIPDGYKASRPSQENFSLILELATPSQTSVYFCCASGDFWGDTLYFFGAGTRLSVLE,CASGDFWGDTLYF
RVSYYGPKTSPVQ,H-2Aa/H-2Aa,TRAV14-3*01,TRAJ52*01,KILTASFLLLGLHLAGVSGQQEKRDQQQVRQSPQSLTVWEGETAILNCSYENSAFDYFPWYQQFPGEGPALLISILSVSDKKEDGRFTIFFNKREKKLSLHIADSQPGDSATYFCCAASETGANTGKLTFFGHGTILRVHPN,CAASETGANTGKLTF,TRBV13-2*01,TRBJ2-4*01,EAAVTQSPRNKVAVTGGKVTLSCNQTNNHNNMYWYRQDTGHGLRLIHYSYGAGSTEKGDIPDGYKASRPSQENFSLILELATPSQTSVYFCCASGDFWGDTLYFFGAGTRLSVLE,CASGDFWGDTLYF
FEAQKAKANKAVD,H-2Aa/H-2Aa,TRAV14-3*01,TRAJ45*01,KILTASFLLLGLHLAGVSGQQEKRDQQQVRQSPQSLTVWEGETAILNCSYENSAFDYFPWYQQFPGEGPALLISILSVSDKKEDGRFTIFFNKREKKLSLHIADSQPGDSATYFCCAASKGADRLTFFGKGTQLIIQPY,CAASKGADRLTF,TRBV13-2*01,TRBJ2-4*01,EAAVTQSPRNKVAVTGGKVTLSCNQTNNHNNMYWYRQDTGHGLRLIHYSYGAGSTEKGDIPDGYKASRPSQENFSLILELATPSQTSVYFCCASGDFWGDTLYFFGAGTRLSVLE,CASGDFWGDTLYF
LVERLYLVCGEEGA,H-2Aa/H-2Aa,TRAV10*01,TRAJ53*01,GEKVEQHESTLSVREGDSAVINCTYTDTASSYFPWYKQEAGKGLHFVIDIRSNVDRKQSQRLIVLLDKKAKRFSLHITATQPEDSAIYFCCAASPSNSGGSNYKLTFFGKGTLLTVTPN,CAASPSNSGGSNYKLTF,TRBV1*01,TRBJ2-7*01,VTLLEQNPRWRLVPRGQAVNLRCILKNSQYPWMSWYQQDLQKQLQWLFTLRSPGDKEVKSLPGADYLATRVTDTELRLQVANMSQGRTLYCTCCTCSAGLGYEQYFFGPGTRLTVLE,CTCSAGLGYEQYF
FEAQKAKANKAVD,H-2Aa/H-2Aa,TRAV14-3*01,TRAJ16*01,KILTASFLLLGLHLAGVSGQQEKRDQQQVRQSPQSLTVWEGETAILNCSYENSAFDYFPWYQQFPGEGPALLISILSVSDKKEDGRFTIFFNKREKKLSLHIADSQPGDSATYFCCAASRDSGQKLVFFGQGTILKVYLH,CAASRDSGQKLVF,TRBV13-2*01,TRBJ2-4*01,EAAVTQSPRNKVAVTGGKVTLSCNQTNNHNNMYWYRQDTGHGLRLIHYSYGAGSTEKGDIPDGYKASRPSQENFSLILELATPSQTSVYFCCASGDFWGDTLYFFGAGTRLSVLE,CASGDFWGDTLYF
LVERLYLVCGGEG,H-2Aa/H-2Aa,TRAV5N-4*01,TRAJ53*01,GEQVEQLPSILRVQEGSSASINCTYENSASNYFPWYKQEPGENPKLIIDIRSNMERKQTQGLIVLLDKKAKRFSLHITDTQPGDSAMYFCCAASRRGSGGSNYKLTFFGKGTLLTVTPN,CAASRRGSGGSNYKLTF,TRBV13-2*01,TRBJ2-3*01,EAAVTQSPRNKVAVTGGKVTLSCNQTNNHNNMYWYRQDTGHGLRLIHYSYGAGSTEKGDIPDGYKASRPSQENFSLILELATPSQTSVYFCCASGGLGGDEQYFFGSGTRLTVLE,CASGGLGGDEQYF
RVSYYGPKTSPVQ,H-2Aa/H-2Aa,TRAV14-3*01,TRAJ52*01,KILTASFLLLGLHLAGVSGQQEKRDQQQVRQSPQSLTVWEGETAILNCSYENSAFDYFPWYQQFPGEGPALLISILSVSDKKEDGRFTIFFNKREKKLSLHIADSQPGDSATYFCCAASVTGANTGKLTFFGHGTILRVHPN,CAASVTGANTGKLTF,TRBV13-2*01,TRBJ2-4*01,EAAVTQSPRNKVAVTGGKVTLSCNQTNNHNNMYWYRQDTGHGLRLIHYSYGAGSTEKGDIPDGYKASRPSQENFSLILELATPSQTSVYFCCASGDFWGDTLYFFGAGTRLSVLE,CASGDFWGDTLYF
GNSHRGAIEWEGIESG,H-2Aa/H-2Aa,TRAV14D-2*01,TRAJ4*01,,CAATGSFNKLTF,TRBV13-2*01,TRBJ2-1*01,EAAVTQSPRNKVAVTGGKVTLSCNQTNNHNNMYWYRQDTGHGLRLIHYSYGAGSTEKGDIPDGYKASRPSQENFSLILELATPSQTSVYFCCASGGQGRAEQFFFGPGTRLTVLE,CASGGQGRAEQFF
VSYYGPKTSPVQ,H-2Aa/H-2Aa,TRAV14-3*01,TRAJ52*01,KILTASFLLLGLHLAGVSGQQEKRDQQQVRQSPQSLTVWEGETAILNCSYENSAFDYFPWYQQFPGEGPALLISILSVSDKKEDGRFTIFFNKREKKLSLHIADSQPGDSATYFCCAGIDTGANTGKLTFFGHGTILRVHPN,CAGIDTGANTGKLTF,TRBV13-2*01,TRBJ2-4*01,EAAVTQSPRNKVAVTGGKVTLSCNQTNNHNNMYWYRQDTGHGLRLIHYSYGAGSTEKGDIPDGYKASRPSQENFSLILELATPSQTSVYFCCASGDFWGDTLYFFGAGTRLSVLE,CASGDFWGDTLYF
GVYATXSSAVRLR,HLA-DRA*01:01/HLA-DRB1*04:01,TRAV6-6*01,TRAJ22*01,GDSVTQTEGQVTVSESKSLIINCTYSTTSIAYPNLFWYVRYPGEGLQLLLKVITAGQKGSSRGFEATYNKETTSFHLQKASVQESDSAVYYCCALGDHSGSWQLIFFGSGTQLTVMPD,CALGDHSGSWQLIF,TRBV19*01,TRBJ1-2*01,GGIITQTPKFLIGQEGQKLTLKCQQNFNHDTMYWYRQDSGKGLRLIYYSITENDLQKGDLSEGYDASREKKSSFSLTVTSAQKNEMAVFLCCASSLRTGANSDYTFFGSGTRLLVIE,CASSLRTGANSDYTF
GVYATXSSAVRLR,HLA-DRA*01:01/HLA-DRB1*04:01,TRAV6-6*01,TRAJ33*01,GDSVTQTEGQVTVSESKSLIINCTYSTTSIAYPNLFWYVRYPGEGLQLLLKVITAGQKGSSRGFEATYNKETTSFHLQKASVQESDSAVYYCCALGDSNYQLIWWGSGTKLIIKPD,CALGDSNYQLIW,TRBV13-2*01,TRBJ2-4*01,,CAACGAGGAGONTLYF
GVYATXSSAVRLR,HLA-DRA*01:01/HLA-DRB1*04:01,TRAV6-6*01,TRAJ40*01,GDSVTQTEGQVTVSESKSLIINCTYSTTSIAYPNLFWYVRYPGEGLQLLLKVITAGQKGSSRGFEATYNKETTSFHLQKASVQESDSAVYYCCALGDTGNYKYVFFGAGTRLKVIAH,CALGDTGNYKYVF,TRBV13-3*01,TRBJ1-3*01,EAAVTQSPRSKVAVTGGKVTLSCHQTNNHDYMYWYRQDTGHGLRLIHYSYVADSTEKGDIPDGYKASRPSQENFSLILELASLSQTAVYFCCASSAVNSGNTLYFFGEGSRLIVVE,CASSAVNSGNTLYF
GVYATXSSAVRLR,HLA-DRA*01:01/HLA-DRB1*04:01,TRAV6-6*01,TRAJ40*01,GDSVTQTEGQVTVSESKSLIINCTYSTTSIAYPNLFWYVRYPGEGLQLLLKVITAGQKGSSRGFEATYNKETTSFHLQKASVQESDSAVYYCCALGDTGNYKYVFFGAGTRLKVIAH,CALGDTGNYKYVF,TRBV13-3*01,TRBJ1-3*01,EAAVTQSPRSKVAVTGGKVTLSCHQTNNHDYMYWYRQDTGHGLRLIHYSYVADSTEKGDIPDGYKASRPSQENFSLILELASLSQTAVYFCCASSGHNSGNTLYFFGEGSRLIVVE,CASSGHNSGNTLYF
EIFDSXGNPTVEV,HLA-DRA*01:01/HLA-DRB1*04:01,TRAV6N-6*01,TRAJ6*01,GDSVTQTEGQVTVSESKSLIINCTYSATSIGYPNLFWYVRYPGEGLQLLLKVITAGQKGSSRGFEATYNKEATSFHLQKASVQESDSAVYYCCALGPSGGNYKPTFFGKGTSLVVHPY,CALGPSGGNYKPTF,TRBV2*01,TRBJ1-4*01,DPKIIQKPKYLVAVTGSEKILICEQYLGHNAMYWYRQSAKKPLEFMFSYSYQKLMDNQTASSRFQPQSSKKNHLDLQITALKPDDSATYFCCASSPTSSNERLFFFGHGTKLSVLE,CASSPTSSNERLFF
EIFDSXGNPTVEV,HLA-DRA*01:01/HLA-DRB1*04:01,TRAV6N-6*01,TRAJ6*01,GDSVTQTEGQVTVSESKSLIINCTYSATSIGYPNLFWYVRYPGEGLQLLLKVITAGQKGSSRGFEATYNKEATSFHLQKASVQESDSAVYYCCALGSGGNYKPTFFGKGTSLVVHPY,CALGSGGNYKPTF,TRBV4*01,TRBJ1-3*01,ETAVFQTPNYHVTQVGNEVSFNCKQTLGHDTMYWYKQDSKKLLKIMFSYNNKQLIVNETVPRRFSPQSSDKAHLNLRIKSVEPEDSAVYLCCASSSQNSGNTLYFFGEGSRLIVVE,CASSSQNSGNTLYF
EIFDSXGNPTVEV,HLA-DRA*01:01/HLA-DRB1*04:01,TRAV6N-6*01,TRAJ12*01,GDSVTQTEGQVTVSESKSLIINCTYSATSIGYPNLFWYVRYPGEGLQLLLKVITAGQKGSSRGFEATYNKEATSFHLQKASVQESDSAVYYCCALGTGGYKVVFFGSGTRLLVSPD,CALGTGGYKVVF,TRBV13-1*01,TRBJ2-7*01,EAAVTQSPRNKVTVTGGNVTLSCRQTNSHNYMYWYRQDTGHGLRLIHYSYGAGNLRIGDVPDGYKATRTTQEDFFLLLELASPSQTSLYFCCASSDFSVEQYFFGPGTRLTVLE,CASSDFSVEQYF
EIFDSXGNPTVEV,HLA-DRA*01:01/HLA-DRB1*04:01,TRAV6N-6*01,TRAJ12*01,GDSVTQTEGQVTVSESKSLIINCTYSATSIGYPNLFWYVRYPGEGLQLLLKVITAGQKGSSRGFEATYNKEATSFHLQKASVQESDSAVYYCCALGTGGYKVVFFGSGTRLLVSPD,CALGTGGYKVVF,TRBV2*01,TRBJ1-2*01,DPKIIQKPKYLVAVTGSEKILICEQYLGHNAMYWYRQSAKKPLEFMFSYSYQKLMDNQTASSRFQPQSSKKNHLDLQITALKPDDSATYFCCASSRDNSNSDYTFFGSGTRLLVIE,CASSRDNSNSDYTF
EIFDSXGNPTVEV,HLA-DRA*01:01/HLA-DRB1*04:01,TRAV6N-6*01,TRAJ42*01,GDSVTQTEGQVTVSESKSLIINCTYSATSIGYPNLFWYVRYPGEGLQLLLKVITAGQKGSSRGFEATYNKEATSFHLQKASVQESDSAVYYCCALNGGSNAKLTFFGKGTKLSVKSN,CALNGGSNAKLTF,TRBV4*01,TRBJ2-7*01,ETAVFQTPNYHVTQVGNEVSFNCKQTLGHDTMYWYKQDSKKLLKIMFSYNNKQLIVNETVPRRFSPQSSDKAHLNLRIKSVEPEDSAVYLCCASSPQTGGYEQYFFGPGTRLTVLE,CASSPQTGGYEQYF
EIFDSXGNPTVEV,HLA-DRA*01:01/HLA-DRB1*04:01,TRAV6N-6*01,TRAJ57*01,GDSVTQTEGQVTVSESKSLIINCTYSATSIGYPNLFWYVRYPGEGLQLLLKVITAGQKGSSRGFEATYNKEATSFHLQKASVQESDSAVYYCCALNQGGSAKLIFFGEGTKLTVSSY,CALNQGGSAKLIF,TRBV2*01,TRBJ2-2*01,DPKIIQKPKYLVAVTGSEKILICEQYLGHNAMYWYRQSAKKPLEFMFSYSYQKLMDNQTASSRFQPQSSKKNHLDLQITALKPDDSATYFCCASSQDPSNTGQLYFFGEGSKLTVLE,CASSQDPSNTGQLYF
EIFDSXGNPTVEV,HLA-DRA*01:01/HLA-DRB1*04:01,TRAV6N-6*01,TRAJ6*01,GDSVTQTEGQVTVSESKSLIINCTYSATSIGYPNLFWYVRYPGEGLQLLLKVITAGQKGSSRGFEATYNKEATSFHLQKASVQESDSAVYYCCALRGSGGNYKPTFFGKGTSLVVHPY,CALRGSGGNYKPTF,TRBV31*01,TRBJ2-5*01,AQTIHQWPVAEIKAVGSPLSLGCTIKGKSSPNLYWYWQATGGTLQQLFYSITVGQVESVVQLNLSASRPKDDQFILSTEKLLLSHSGFYLCCAWSLGTGQDTQYFFGPGTRLLVLE,CAWSLGTGQDTQYF
EIFDSXGNPTVEV,HLA-DRA*01:01/HLA-DRB1*04:01,TRAV6N-6*01,TRAJ27*01,GDSVTQTEGQVTVSESKSLIINCTYSATSIGYPNLFWYVRYPGEGLQLLLKVITAGQKGSSRGFEATYNKEATSFHLQKASVQESDSAVYYCCALRNTNTGKLTFFGDGTVLTVKPN,CALRNTNTGKLTF,TRBV4*01,TRBJ1-3*01,ETAVFQTPNYHVTQVGNEVSFNCKQTLGHDTMYWYKQDSKKLLKIMFSYNNKQLIVNETVPRRFSPQSSDKAHLNLRIKSVEPEDSAVYLCCASSPRHSGNTLYFFGEGSRLIVVE,CASSPRHSGNTLYF
EIFDSXGNPTVEV,HLA-DRA*01:01/HLA-DRB1*04:01,TRAV6N-6*01,TRAJ12*01,GDSVTQTEGQVTVSESKSLIINCTYSATSIGYPNLFWYVRYPGEGLQLLLKVITAGQKGSSRGFEATYNKEATSFHLQKASVQESDSAVYYCCALRTGGYKVVFFGSGTRLLVSPD,CALRTGGYKVVF,TRBV2*01,TRBJ1-1*01,,CASSODSANTEVFF
EIFDSXGNPTVEV,HLA-DRA*01:01/HLA-DRB1*04:01,TRAV6N-6*01,TRAJ16*01,GDSVTQTEGQVTVSESKSLIINCTYSATSIGYPNLFWYVRYPGEGLQLLLKVITAGQKGSSRGFEATYNKEATSFHLQKASVQESDSAVYYCCALSDGGQKLVFFGQGTILKVYLH,CALSDGGQKLVF,TRBV13-2*01,TRBJ2-1*01,EAAVTQSPRNKVAVTGGKVTLSCNQTNNHNNMYWYRQDTGHGLRLIHYSYGAGSTEKGDIPDGYKASRPSQENFSLILELATPSQTSVYFCCASGDFRAEQFFFGPGTRLTVLE,CASGDFRAEQFF
RGGASQYRPSQ,H-2Aa/H-2Aa,TRAV6D-7*01,TRAJ48*01,GDSVTQTEGQVALSEEDFLTIHCNYSASGYPALFWYVQYPGEGPQFLFRASRDKEKGSSRGFEATYNKEATSFHLQKASVQESDSAVYYCCALSENYGNEKITFFGAGTKLTIKPN,CALSENYGNEKITF,TRBV13-2*01,TRBJ2-3*01,EAAVTQSPRNKVAVTGGKVTLSCNQTNNHNNMYWYRQDTGHGLRLIHYSYGAGSTEKGDIPDGYKASRPSQENFSLILELATPSQTSVYFCCASGDASGAETLYFFGSGTRLTVLE,CASGDASGAETLYF
RGGASQYRPSQ,H-2Aa/H-2Aa,TRAV6D-7*01,TRAJ48*01,GDSVTQTEGQVALSEEDFLTIHCNYSASGYPALFWYVQYPGEGPQFLFRASRDKEKGSSRGFEATYNKEATSFHLQKASVQESDSAVYYCCALSENYGNEKITFFGAGTKLTIKPN,CALSENYGNEKITF,TRBV13-2*01,TRBJ2-4*01,EAAVTQSPRNKVAVTGGKVTLSCNQTNNHNNMYWYRQDTGHGLRLIHYSYGAGSTEKGDIPDGYKASRPSQENFSLILELATPSQTSVYFCCASGDASGGNTLYFFGAGTRLSVLE,CASGDASGGNTLYF
EIFDSXGNPTVEV,HLA-DRA*01:01/HLA-DRB1*04:01,TRAV6N-6*01,TRAJ52*01,GDSVTQTEGQVTVSESKSLIINCTYSATSIGYPNLFWYVRYPGEGLQLLLKVITAGQKGSSRGFEATYNKEATSFHLQKASVQESDSAVYYCCALSGANTGKLTFFGHGTILRVHPN,CALSGANTGKLTF,TRBV2*01,TRBJ1-1*01,DPKIIQKPKYLVAVTGSEKILICEQYLGHNAMYWYRQSAKKPLEFMFSYSYQKLMDNQTASSRFQPQSSKKNHLDLQITALKPDDSATYFCCASSQDRSNTEVFFFGKGTRLTVVE,CASSQDRSNTEVFF
EIFDSXGNPTVEV,HLA-DRA*01:01/HLA-DRB1*04:01,TRAV6N-6*01,TRAJ6*01,GDSVTQTEGQVTVSESKSLIINCTYSATSIGYPNLFWYVRYPGEGLQLLLKVITAGQKGSSRGFEATYNKEATSFHLQKASVQESDSAVYYCCALSGGNYKPTFFGKGTSLVVHPY,CALSGGNYKPTF,TRBV31*01,TRBJ1-4*01,AQTIHQWPVAEIKAVGSPLSLGCTIKGKSSPNLYWYWQATGGTLQQLFYSITVGQVESVVQLNLSASRPKDDQFILSTEKLLLSHSGFYLCCAWSLGQGGNERLFFFGHGTKLSVLE,CAWSLGQGGNERLFF
EIFDSXGNPTVEV,HLA-DRA*01:01/HLA-DRB1*04:01,TRAV12N-3*01,TRAJ39*01,GDGDSVTQTEGLVTLTEGLPVMLNCTYQTIYSNPFLFWYVQHLNESPRLLLKSFTDNKRTEHQGFHATLHKSSSSFHLQKSSAQLSDSALYYCCALSVPNNAGAKLTFFGGGTRLTVRPD,CALSVPNNAGAKLTF,TRBV26*01,TRBJ2-7*01,,CASSLGQGSSYEQYF
EIFDSXGNPTVEV,HLA-DRA*01:01/HLA-DRB1*04:01,TRAV6N-6*01,TRAJ42*01,GDSVTQTEGQVTVSESKSLIINCTYSATSIGYPNLFWYVRYPGEGLQLLLKVITAGQKGSSRGFEATYNKEATSFHLQKASVQESDSAVYYCCALTGGSNAKLTFFGKGTKLSVKSN,CALTGGSNAKLTF,TRBV4*01,TRBJ1-4*01,ETAVFQTPNYHVTQVGNEVSFNCKQTLGHDTMYWYKQDSKKLLKIMFSYNNKQLIVNETVPRRFSPQSSDKAHLNLRIKSVEPEDSAVYLCCASSQGHERLFFFGHGTKLSVLE,CASSQGHERLFF
FEAQKAKANKAVDG,H-2Aa/H-2Aa,TRAV6N-7*01,TRAJ34*01,GDSVTQTEGQVALSEEDFLTIHCNYSASGYPALFWYVQYPGEGPQFLFRASRDKEKGSSRGFEATYDKGTTSFHLRKASVQESDSAVYYCCALVISNTNKVVFFGTGTRLQVSPN,CALVISNTNKVVF,TRBV13-3*01,TRBJ1-3*01,EAAVTQSPRSKVAVTGGKVTLSCHQTNNHDYMYWYRQDTGHGLRLIHYSYVADSTEKGDIPDGYKASRPSQENFSLILELASLSQTAVYFCCASIDSSGNTLYFFGEGSRLIVVE,CASIDSSGNTLYF
EIFDSXGNPTVEV,HLA-DRA*01:01/HLA-DRB1*04:01,TRAV6N-6*01,TRAJ12*01,GDSVTQTEGQVTVSESKSLIINCTYSATSIGYPNLFWYVRYPGEGLQLLLKVITAGQKGSSRGFEATYNKEATSFHLQKASVQESDSAVYYCCASGTGGYKVVFFGSGTRLLVSPD,CASGTGGYKVVF,TRBV3*01,TRBJ1-2*01,GPKVLQIPSHQIIDMGQMVTLNCDPVSNHLYFYWYKQILGQQMEFLVNFYNGKVMEKSKLFKDQFSVERPDGSYFTLKIQPTALEDSAVYFCCASSLEQSNSDYTFFGSGTRLLVIE,CASSLEQSNSDYTF
