job_name,cognate,peptide,mhc_class,mhc_1_chain,mhc_1_species,mhc_1_name,mhc_1_seq,mhc_2_chain,mhc_2_species,mhc_2_name,mhc_2_seq,tcr_1_chain,tcr_1_species,tcr_1_seq,tcr_2_chain,tcr_2_species,tcr_2_seq,min_tcr_p_pae,min_tcr_m_pae,ptm,iptm,fraction_disordered,has_clash,ranking_score,mean_tcr_pmhc_pae,peptide_min_pLDDT,tcr_cdr3_min_pLDDT,mhc_helicies_min_pLDDT,peptide_tcr_contacts,tcr_mhc_contacts
150307e1166360f73138878539f6f29a,true,RVSYYGPKTSPVQ,II,alpha,mouse,H2-IAb,EDDIEADHVGTYGISVYQSPGDIGQYTFEFDGDELFYVDLDKKETVWMLPEFGQLASFDPQGGLQNIAVVKHNLGVLTKRSNSTPATNEAPQATVFPKSPVLLGQPNTLICFVDNIFPPVINITWLRNSKSVADGVYETSFFVNRDYSFHKLSYLTFIPSDDDIYDCKVEHWGLEEPVLKHWEPEIPAPMSELTE,beta,mouse,H2-IAb,GNSERHFVVQFKGECYYTNGTQRIRLVTRYIYNREEYVRYDSDVGEYRAVTELGRPDAEYWNSQPEILERTRAEVDTACRHNYEGPETSTSLRRLEQPNVAISLSRTEALNHHNTLVCSVTDFYPAKIKVRWFRNGQEETVGVSSTQLIRNGDWTFQVLVMLEMTPHQGEVYTCHVEHPSLKSPITVEWRAQSESARSK,alpha,mouse,KILTASFLLLGLHLAGVSGQQEKRDQQQVRQSPQSLTVWEGETAILNCSYENSAFDYFPWYQQFPGEGPALLISILSVSDKKEDGRFTIFFNKREKKLSLHIADSQPGDSATYFCCAASATGANTGKLTFFGHGTILRVHPN,beta,mouse,EAAVTQSPRNKVAVTGGKVTLSCNQTNNHNNMYWYRQDTGHGLRLIHYSYGAGSTEKGDIPDGYKASRPSQENFSLILELATPSQTSVYFCCASGDFWGDTLYFFGAGTRLSVLE,4.559999942779541,1.690000057220459,0.8500000238418579,0.8199999928474426,0.10999999940395355,0.0,0.8799999952316284,10.257996559143066,59.0099983215332,43.18000030517578,54.709999084472656,14.0,1.0
8f380f97bb20cfe3dac8b318053c5fb3,true,FEAQKAKANKAV,II,alpha,mouse,H2-IAb,EDDIEADHVGTYGISVYQSPGDIGQYTFEFDGDELFYVDLDKKETVWMLPEFGQLASFDPQGGLQNIAVVKHNLGVLTKRSNSTPATNEAPQATVFPKSPVLLGQPNTLICFVDNIFPPVINITWLRNSKSVADGVYETSFFVNRDYSFHKLSYLTFIPSDDDIYDCKVEHWGLEEPVLKHWEPEIPAPMSELTE,beta,mouse,H2-IAb,GNSERHFVVQFKGECYYTNGTQRIRLVTRYIYNREEYVRYDSDVGEYRAVTELGRPDAEYWNSQPEILERTRAEVDTACRHNYEGPETSTSLRRLEQPNVAISLSRTEALNHHNTLVCSVTDFYPAKIKVRWFRNGQEETVGVSSTQLIRNGDWTFQVLVMLEMTPHQGEVYTCHVEHPSLKSPITVEWRAQSESARSK,alpha,mouse,KILTASFLLLGLHLAGVSGQQQEKRDQQQVRQSPQSLTVWEGETAILNCSYEDSTFDYFPWYWQFPRESPALLIAIRPVSNKKEDGRFTIFFNKREKKLSLHITDSQPGDSATYFCCAASDNRIFFFGDGTQLVVKPN,beta,mouse,EAAVTQSPRNKVAVTGGKVTLSCNQTNNHNNMYWYRQDTGHGLRLIHYSYGAGSTEKGDIPDGYKASRPSQENFSLILELATPSQTSVYFCCASGDAWGYEQYFFGPGTRLTVLE,7.5,1.1299999952316284,0.8799999952316284,0.8600000143051147,0.10999999940395355,0.0,0.9200000166893005,8.797978401184082,39.060001373291016,40.689998626708984,53.779998779296875,5.0,26.0
1e9d87e38ad264b2d8ccf267b1f0babc,true,FEAQKAKANKAVDG,II,alpha,mouse,H2-IAb,EDDIEADHVGTYGISVYQSPGDIGQYTFEFDGDELFYVDLDKKETVWMLPEFGQLASFDPQGGLQNIAVVKHNLGVLTKRSNSTPATNEAPQATVFPKSPVLLGQPNTLICFVDNIFPPVINITWLRNSKSVADGVYETSFFVNRDYSFHKLSYLTFIPSDDDIYDCKVEHWGLEEPVLKHWEPEIPAPMSELTE,beta,mouse,H2-IAb,GNSERHFVVQFKGECYYTNGTQRIRLVTRYIYNREEYVRYDSDVGEYRAVTELGRPDAEYWNSQPEILERTRAEVDTACRHNYEGPETSTSLRRLEQPNVAISLSRTEALNHHNTLVCSVTDFYPAKIKVRWFRNGQEETVGVSSTQLIRNGDWTFQVLVMLEMTPHQGEVYTCHVEHPSLKSPITVEWRAQSESARSK,alpha,mouse,GDSVTQTEGQVALSEEDFLTIHCNYSASGYPALFWYVQYPGEGPQFLFRASRDKEKGSSRGFEATYDKGTTSFHLRKASVQESDSAVYYCCALVISNTNKVVFFGTGTRLQVSPN,beta,mouse,EAAVTQSPRSKVAVTGGKVTLSCHQTNNHDYMYWYRQDTGHGLRLIHYSYVADSTEKGDIPDGYKASRPSQENFSLILELASLSQTAVYFCCASIDSSGNTLYFFGEGSRLIVVE,4.300000190734863,2.049999952316284,0.8500000238418579,0.8299999833106995,0.07999999821186066,0.0,0.8700000047683716,10.056960105895996,56.54999923706055,48.869998931884766,52.18000030517578,8.0,2.0
686e968825715bf9f6c6472d8e9efda9,true,LVERLYLVCGEEGA,II,alpha,mouse,H2-IAb,EDDIEADHVGTYGISVYQSPGDIGQYTFEFDGDELFYVDLDKKETVWMLPEFGQLASFDPQGGLQNIAVVKHNLGVLTKRSNSTPATNEAPQATVFPKSPVLLGQPNTLICFVDNIFPPVINITWLRNSKSVADGVYETSFFVNRDYSFHKLSYLTFIPSDDDIYDCKVEHWGLEEPVLKHWEPEIPAPMSELTE,beta,mouse,H2-IAb,GNSERHFVVQFKGECYYTNGTQRIRLVTRYIYNREEYVRYDSDVGEYRAVTELGRPDAEYWNSQPEILERTRAEVDTACRHNYEGPETSTSLRRLEQPNVAISLSRTEALNHHNTLVCSVTDFYPAKIKVRWFRNGQEETVGVSSTQLIRNGDWTFQVLVMLEMTPHQGEVYTCHVEHPSLKSPITVEWRAQSESARSK,alpha,mouse,GEKVEQHESTLSVREGDSAVINCTYTDTASSYFPWYKQEAGKGLHFVIDIRSNVDRKQSQRLIVLLDKKAKRFSLHITATQPEDSAIYFCCAASPSNSGGSNYKLTFFGKGTLLTVTPN,beta,mouse,VTLLEQNPRWRLVPRGQAVNLRCILKNSQYPWMSWYQQDLQKQLQWLFTLRSPGDKEVKSLPGADYLATRVTDTELRLQVANMSQGRTLYCTCCTCSAGLGYEQYFFGPGTRLTVLE,4.159999847412109,2.990000009536743,0.8199999928474426,0.7900000214576721,0.07999999821186066,0.0,0.8299999833106995,10.825118064880371,60.95000076293945,53.130001068115234,52.150001525878906,13.0,2.0
8e9472e77e2cae698b97834686b07a1f,true,GAMKRHGLDNYRGYSLG,II,alpha,mouse,H2-IAb,EDDIEADHVGTYGISVYQSPGDIGQYTFEFDGDELFYVDLDKKETVWMLPEFGQLASFDPQGGLQNIAVVKHNLGVLTKRSNSTPATNEAPQATVFPKSPVLLGQPNTLICFVDNIFPPVINITWLRNSKSVADGVYETSFFVNRDYSFHKLSYLTFIPSDDDIYDCKVEHWGLEEPVLKHWEPEIPAPMSELTE,beta,mouse,H2-IAb,GNSERHFVVQFKGECYYTNGTQRIRLVTRYIYNREEYVRYDSDVGEYRAVTELGRPDAEYWNSQPEILERTRAEVDTACRHNYEGPETSTSLRRLEQPNVAISLSRTEALNHHNTLVCSVTDFYPAKIKVRWFRNGQEETVGVSSTQLIRNGDWTFQVLVMLEMTPHQGEVYTCHVEHPSLKSPITVEWRAQSESARSK,alpha,mouse,GMPVEQNPPALSLYEGADSGLRCNFSTTMKSVQWFQQNHRGRLITLFYLAQGTKENGRLKSTFNSKERYSTLHIKDAQLEDSGTYFCCAAEDGGSGNKLIFFGIGTLLSVKPN,beta,mouse,EAAVTQSPRSKVAVTGGKVTLSCHQTNNHDYMYWYRQDTGHGLRLIHYSYVADSTEKGDIPDGYKASRPSQENFSLILELASLSQTAVYFCCASSWDRAGNTLYFFGEGSRLIVVE,2.2699999809265137,1.3700000047683716,0.8600000143051147,0.8399999737739563,0.09000000357627869,0.0,0.8799999952316284,9.239635467529297,57.06999969482422,31.950000762939453,51.84000015258789,11.0,14.0
275524d7923316619577b27f2982355a,true,RGGASQYRPSQ,II,alpha,mouse,H2-IAb,EDDIEADHVGTYGISVYQSPGDIGQYTFEFDGDELFYVDLDKKETVWMLPEFGQLASFDPQGGLQNIAVVKHNLGVLTKRSNSTPATNEAPQATVFPKSPVLLGQPNTLICFVDNIFPPVINITWLRNSKSVADGVYETSFFVNRDYSFHKLSYLTFIPSDDDIYDCKVEHWGLEEPVLKHWEPEIPAPMSELTE,beta,mouse,H2-IAb,GNSERHFVVQFKGECYYTNGTQRIRLVTRYIYNREEYVRYDSDVGEYRAVTELGRPDAEYWNSQPEILERTRAEVDTACRHNYEGPETSTSLRRLEQPNVAISLSRTEALNHHNTLVCSVTDFYPAKIKVRWFRNGQEETVGVSSTQLIRNGDWTFQVLVMLEMTPHQGEVYTCHVEHPSLKSPITVEWRAQSESARSK,alpha,mouse,GDSVTQTEGQVALSEEDFLTIHCNYSASGYPALFWYVQYPGEGPQFLFRASRDKEKGSSRGFEATYNKEATSFHLQKASVQESDSAVYYCCALSENYGNEKITFFGAGTKLTIKPN,beta,mouse,EAAVTQSPRNKVAVTGGKVTLSCNQTNNHNNMYWYRQDTGHGLRLIHYSYGAGSTEKGDIPDGYKASRPSQENFSLILELATPSQTSVYFCCASGDASGAETLYFFGSGTRLTVLE,9.119999885559082,1.2899999618530273,0.8700000047683716,0.8399999737739563,0.07999999821186066,0.0,0.8799999952316284,8.823793411254883,31.389999389648438,35.2400016784668,48.86000061035156,0.0,7.0
51da7385bb30e28104c5116c0ca2773c,true,FEAQKAKANKAVD,II,alpha,mouse,H2-IAb,EDDIEADHVGTYGISVYQSPGDIGQYTFEFDGDELFYVDLDKKETVWMLPEFGQLASFDPQGGLQNIAVVKHNLGVLTKRSNSTPATNEAPQATVFPKSPVLLGQPNTLICFVDNIFPPVINITWLRNSKSVADGVYETSFFVNRDYSFHKLSYLTFIPSDDDIYDCKVEHWGLEEPVLKHWEPEIPAPMSELTE,beta,mouse,H2-IAb,GNSERHFVVQFKGECYYTNGTQRIRLVTRYIYNREEYVRYDSDVGEYRAVTELGRPDAEYWNSQPEILERTRAEVDTACRHNYEGPETSTSLRRLEQPNVAISLSRTEALNHHNTLVCSVTDFYPAKIKVRWFRNGQEETVGVSSTQLIRNGDWTFQVLVMLEMTPHQGEVYTCHVEHPSLKSPITVEWRAQSESARSK,alpha,mouse,KILTASFLLLGLHLAGVSGQQEKRDQQQVRQSPQSLTVWEGETAILNCSYENSAFDYFPWYQQFPGEGPALLISILSVSDKKEDGRFTIFFNKREKKLSLHIADSQPGDSATYFCCAASRDSGQKLVFFGQGTILKVYLH,beta,mouse,EAAVTQSPRNKVAVTGGKVTLSCNQTNNHNNMYWYRQDTGHGLRLIHYSYGAGSTEKGDIPDGYKASRPSQENFSLILELATPSQTSVYFCCASGDFWGDTLYFFGAGTRLSVLE,6.489999771118164,1.940000057220459,0.8500000238418579,0.8100000023841858,0.10999999940395355,0.0,0.8700000047683716,10.516862869262695,55.47999954223633,31.440000534057617,52.560001373291016,3.0,1.0
c5884eb211dc21a3b534ea3a92864632,true,LVERLYLVCGGEG,II,alpha,mouse,H2-IAb,EDDIEADHVGTYGISVYQSPGDIGQYTFEFDGDELFYVDLDKKETVWMLPEFGQLASFDPQGGLQNIAVVKHNLGVLTKRSNSTPATNEAPQATVFPKSPVLLGQPNTLICFVDNIFPPVINITWLRNSKSVADGVYETSFFVNRDYSFHKLSYLTFIPSDDDIYDCKVEHWGLEEPVLKHWEPEIPAPMSELTE,beta,mouse,H2-IAb,GNSERHFVVQFKGECYYTNGTQRIRLVTRYIYNREEYVRYDSDVGEYRAVTELGRPDAEYWNSQPEILERTRAEVDTACRHNYEGPETSTSLRRLEQPNVAISLSRTEALNHHNTLVCSVTDFYPAKIKVRWFRNGQEETVGVSSTQLIRNGDWTFQVLVMLEMTPHQGEVYTCHVEHPSLKSPITVEWRAQSESARSK,alpha,mouse,GEQVEQLPSILRVQEGSSASINCTYENSASNYFPWYKQEPGENPKLIIDIRSNMERKQTQGLIVLLDKKAKRFSLHITDTQPGDSAMYFCCAASRRGSGGSNYKLTFFGKGTLLTVTPN,beta,mouse,EAAVTQSPRNKVAVTGGKVTLSCNQTNNHNNMYWYRQDTGHGLRLIHYSYGAGSTEKGDIPDGYKASRPSQENFSLILELATPSQTSVYFCCASGGLGGDEQYFFGSGTRLTVLE,5.659999847412109,1.3200000524520874,0.8799999952316284,0.8600000143051147,0.07999999821186066,0.0,0.8999999761581421,8.456517219543457,51.7599983215332,40.02000045776367,51.66999816894531,11.0,11.0
cfc36b00584527273b247e66ae84354d,true,FEAQKAKANKAVD,II,alpha,mouse,H2-IAb,EDDIEADHVGTYGISVYQSPGDIGQYTFEFDGDELFYVDLDKKETVWMLPEFGQLASFDPQGGLQNIAVVKHNLGVLTKRSNSTPATNEAPQATVFPKSPVLLGQPNTLICFVDNIFPPVINITWLRNSKSVADGVYETSFFVNRDYSFHKLSYLTFIPSDDDIYDCKVEHWGLEEPVLKHWEPEIPAPMSELTE,beta,mouse,H2-IAb,GNSERHFVVQFKGECYYTNGTQRIRLVTRYIYNREEYVRYDSDVGEYRAVTELGRPDAEYWNSQPEILERTRAEVDTACRHNYEGPETSTSLRRLEQPNVAISLSRTEALNHHNTLVCSVTDFYPAKIKVRWFRNGQEETVGVSSTQLIRNGDWTFQVLVMLEMTPHQGEVYTCHVEHPSLKSPITVEWRAQSESARSK,alpha,mouse,KILTASFLLLGLHLAGVSGQQEKRDQQQVRQSPQSLTVWEGETAILNCSYENSAFDYFPWYQQFPGEGPALLISILSVSDKKEDGRFTIFFNKREKKLSLHIADSQPGDSATYFCCAASKGADRLTFFGKGTQLIIQPY,beta,mouse,EAAVTQSPRNKVAVTGGKVTLSCNQTNNHNNMYWYRQDTGHGLRLIHYSYGAGSTEKGDIPDGYKASRPSQENFSLILELATPSQTSVYFCCASGDFWGDTLYFFGAGTRLSVLE,4.78000020980835,2.200000047683716,0.8399999737739563,0.8100000023841858,0.10999999940395355,0.0,0.8700000047683716,10.821250915527344,59.369998931884766,30.31999969482422,53.93000030517578,1.0,0.0
30b415a0210e7fe8195d20041800ad7c,true,VSYYGPKTSPVQ,II,alpha,mouse,H2-IAb,EDDIEADHVGTYGISVYQSPGDIGQYTFEFDGDELFYVDLDKKETVWMLPEFGQLASFDPQGGLQNIAVVKHNLGVLTKRSNSTPATNEAPQATVFPKSPVLLGQPNTLICFVDNIFPPVINITWLRNSKSVADGVYETSFFVNRDYSFHKLSYLTFIPSDDDIYDCKVEHWGLEEPVLKHWEPEIPAPMSELTE,beta,mouse,H2-IAb,GNSERHFVVQFKGECYYTNGTQRIRLVTRYIYNREEYVRYDSDVGEYRAVTELGRPDAEYWNSQPEILERTRAEVDTACRHNYEGPETSTSLRRLEQPNVAISLSRTEALNHHNTLVCSVTDFYPAKIKVRWFRNGQEETVGVSSTQLIRNGDWTFQVLVMLEMTPHQGEVYTCHVEHPSLKSPITVEWRAQSESARSK,alpha,mouse,KILTASFLLLGLHLAGVSGQQEKRDQQQVRQSPQSLTVWEGETAILNCSYENSAFDYFPWYQQFPGEGPALLISILSVSDKKEDGRFTIFFNKREKKLSLHIADSQPGDSATYFCCAGIDTGANTGKLTFFGHGTILRVHPN,beta,mouse,EAAVTQSPRNKVAVTGGKVTLSCNQTNNHNNMYWYRQDTGHGLRLIHYSYGAGSTEKGDIPDGYKASRPSQENFSLILELATPSQTSVYFCCASGDFWGDTLYFFGAGTRLSVLE,5.46999979019165,3.4200000762939453,0.800000011920929,0.7599999904632568,0.10999999940395355,0.0,0.8199999928474426,12.135469436645508,56.59000015258789,36.0,50.66999816894531,13.0,0.0
279396d8e365bd8cbe34ed92e77b1bcc,true,RGGASQYRPSQ,II,alpha,mouse,H2-IAb,EDDIEADHVGTYGISVYQSPGDIGQYTFEFDGDELFYVDLDKKETVWMLPEFGQLASFDPQGGLQNIAVVKHNLGVLTKRSNSTPATNEAPQATVFPKSPVLLGQPNTLICFVDNIFPPVINITWLRNSKSVADGVYETSFFVNRDYSFHKLSYLTFIPSDDDIYDCKVEHWGLEEPVLKHWEPEIPAPMSELTE,beta,mouse,H2-IAb,GNSERHFVVQFKGECYYTNGTQRIRLVTRYIYNREEYVRYDSDVGEYRAVTELGRPDAEYWNSQPEILERTRAEVDTACRHNYEGPETSTSLRRLEQPNVAISLSRTEALNHHNTLVCSVTDFYPAKIKVRWFRNGQEETVGVSSTQLIRNGDWTFQVLVMLEMTPHQGEVYTCHVEHPSLKSPITVEWRAQSESARSK,alpha,mouse,GDSVTQTEGQVALSEEDFLTIHCNYSASGYPALFWYVQYPGEGPQFLFRASRDKEKGSSRGFEATYNKEATSFHLQKASVQESDSAVYYCCALSENYGNEKITFFGAGTKLTIKPN,beta,mouse,EAAVTQSPRNKVAVTGGKVTLSCNQTNNHNNMYWYRQDTGHGLRLIHYSYGAGSTEKGDIPDGYKASRPSQENFSLILELATPSQTSVYFCCASGDASGGNTLYFFGAGTRLSVLE,11.020000457763672,1.5700000524520874,0.8600000143051147,0.8299999833106995,0.07999999821186066,0.0,0.8700000047683716,9.26915454864502,28.950000762939453,30.3799991607666,48.34000015258789,0.0,2.0
289ef3450462e481d0b1b76e19647404,true,RVSYYGPKTSPVQ,II,alpha,mouse,H2-IAb,EDDIEADHVGTYGISVYQSPGDIGQYTFEFDGDELFYVDLDKKETVWMLPEFGQLASFDPQGGLQNIAVVKHNLGVLTKRSNSTPATNEAPQATVFPKSPVLLGQPNTLICFVDNIFPPVINITWLRNSKSVADGVYETSFFVNRDYSFHKLSYLTFIPSDDDIYDCKVEHWGLEEPVLKHWEPEIPAPMSELTE,beta,mouse,H2-IAb,GNSERHFVVQFKGECYYTNGTQRIRLVTRYIYNREEYVRYDSDVGEYRAVTELGRPDAEYWNSQPEILERTRAEVDTACRHNYEGPETSTSLRRLEQPNVAISLSRTEALNHHNTLVCSVTDFYPAKIKVRWFRNGQEETVGVSSTQLIRNGDWTFQVLVMLEMTPHQGEVYTCHVEHPSLKSPITVEWRAQSESARSK,alpha,mouse,KILTASFLLLGLHLAGVSGQQEKRDQQQVRQSPQSLTVWEGETAILNCSYENSAFDYFPWYQQFPGEGPALLISILSVSDKKEDGRFTIFFNKREKKLSLHIADSQPGDSATYFCCAASETGANTGKLTFFGHGTILRVHPN,beta,mouse,EAAVTQSPRNKVAVTGGKVTLSCNQTNNHNNMYWYRQDTGHGLRLIHYSYGAGSTEKGDIPDGYKASRPSQENFSLILELATPSQTSVYFCCASGDFWGDTLYFFGAGTRLSVLE,5.210000038146973,1.9500000476837158,0.8500000238418579,0.8100000023841858,0.10999999940395355,0.0,0.8799999952316284,10.351556777954102,57.13999938964844,40.369998931884766,53.2599983215332,12.0,4.0
47aa8c63192d6137ed4e2a2a2a625eb5,true,FEAQKAKANKAVD,II,alpha,mouse,H2-IAb,EDDIEADHVGTYGISVYQSPGDIGQYTFEFDGDELFYVDLDKKETVWMLPEFGQLASFDPQGGLQNIAVVKHNLGVLTKRSNSTPATNEAPQATVFPKSPVLLGQPNTLICFVDNIFPPVINITWLRNSKSVADGVYETSFFVNRDYSFHKLSYLTFIPSDDDIYDCKVEHWGLEEPVLKHWEPEIPAPMSELTE,beta,mouse,H2-IAb,GNSERHFVVQFKGECYYTNGTQRIRLVTRYIYNREEYVRYDSDVGEYRAVTELGRPDAEYWNSQPEILERTRAEVDTACRHNYEGPETSTSLRRLEQPNVAISLSRTEALNHHNTLVCSVTDFYPAKIKVRWFRNGQEETVGVSSTQLIRNGDWTFQVLVMLEMTPHQGEVYTCHVEHPSLKSPITVEWRAQSESARSK,alpha,mouse,GDSVIQMQGQVTLSENDFLFINCTYSTTGYPTLFWYVQYSGEGPQLLLQVTTANNKGSSRGFEATYDKGTTSFHLQKTSVQEIDSAVYYCCAANSGTYQRFFGTGTKLQVVPN,beta,mouse,EAAVTQSPRNKVAVTGGKVTLSCNQTNNHNNMYWYRQDTGHGLRLIHYSYGAGSTEKGDIPDGYKASRPSQENFSLILELATPSQTSVYFCCASGDFWGDTLYFFGAGTRLSVLE,2.890000104904175,1.7699999809265137,0.8700000047683716,0.8500000238418579,0.07999999821186066,0.0,0.8899999856948853,8.971233367919922,63.189998626708984,44.75,51.7400016784668,6.0,1.0
9adb06aa9adce98094f6b2ced9a67f08,true,RVSYYGPKTSPVQ,II,alpha,mouse,H2-IAb,EDDIEADHVGTYGISVYQSPGDIGQYTFEFDGDELFYVDLDKKETVWMLPEFGQLASFDPQGGLQNIAVVKHNLGVLTKRSNSTPATNEAPQATVFPKSPVLLGQPNTLICFVDNIFPPVINITWLRNSKSVADGVYETSFFVNRDYSFHKLSYLTFIPSDDDIYDCKVEHWGLEEPVLKHWEPEIPAPMSELTE,beta,mouse,H2-IAb,GNSERHFVVQFKGECYYTNGTQRIRLVTRYIYNREEYVRYDSDVGEYRAVTELGRPDAEYWNSQPEILERTRAEVDTACRHNYEGPETSTSLRRLEQPNVAISLSRTEALNHHNTLVCSVTDFYPAKIKVRWFRNGQEETVGVSSTQLIRNGDWTFQVLVMLEMTPHQGEVYTCHVEHPSLKSPITVEWRAQSESARSK,alpha,mouse,KILTASFLLLGLHLAGVSGQQEKRDQQQVRQSPQSLTVWEGETAILNCSYENSAFDYFPWYQQFPGEGPALLISILSVSDKKEDGRFTIFFNKREKKLSLHIADSQPGDSATYFCCAASVTGANTGKLTFFGHGTILRVHPN,beta,mouse,EAAVTQSPRNKVAVTGGKVTLSCNQTNNHNNMYWYRQDTGHGLRLIHYSYGAGSTEKGDIPDGYKASRPSQENFSLILELATPSQTSVYFCCASGDFWGDTLYFFGAGTRLSVLE,4.579999923706055,3.2100000381469727,0.8199999928474426,0.7799999713897705,0.10999999940395355,0.0,0.8399999737739563,11.88074016571045,56.90999984741211,41.540000915527344,51.279998779296875,11.0,0.0
67e432535664f2a1eca7c88f5dd773ab,true,SRGGASQYRPSQ,II,alpha,mouse,H2-IAb,EDDIEADHVGTYGISVYQSPGDIGQYTFEFDGDELFYVDLDKKETVWMLPEFGQLASFDPQGGLQNIAVVKHNLGVLTKRSNSTPATNEAPQATVFPKSPVLLGQPNTLICFVDNIFPPVINITWLRNSKSVADGVYETSFFVNRDYSFHKLSYLTFIPSDDDIYDCKVEHWGLEEPVLKHWEPEIPAPMSELTE,beta,mouse,H2-IAb,GNSERHFVVQFKGECYYTNGTQRIRLVTRYIYNREEYVRYDSDVGEYRAVTELGRPDAEYWNSQPEILERTRAEVDTACRHNYEGPETSTSLRRLEQPNVAISLSRTEALNHHNTLVCSVTDFYPAKIKVRWFRNGQEETVGVSSTQLIRNGDWTFQVLVMLEMTPHQGEVYTCHVEHPSLKSPITVEWRAQSESARSK,alpha,mouse,KILTASFLLLGLHLAGVSGQQEKRDQQQVRQSPQSLTVWEGETAILNCSYENSAFDYFPWYQQFPGEGPALLISILSVSDKKEDGRFTIFFNKREKKLSLHIADSQPGDSATYFCCAASANSGTYQRFFGTGTKLQVVPN,beta,mouse,EAAVTQSPRNKVAVTGGKVTLSCNQTNNHNNMYWYRQDTGHGLRLIHYSYGAGSTEKGDIPDGYKASRPSQENFSLILELATPSQTSVYFCCASGDAGGGYEQYFFGPGTRLTVLE,9.390000343322754,4.019999980926514,0.7799999713897705,0.7200000286102295,0.10999999940395355,0.0,0.7900000214576721,13.022969245910645,37.08000183105469,33.900001525878906,46.88999938964844,3.0,0.0
3b4cea2e20901aaf22be73e571ec2c88,false,VSYYGPKTSPVQ,II,alpha,mouse,H2-IAb,EDDIEADHVGTYGISVYQSPGDIGQYTFEFDGDELFYVDLDKKETVWMLPEFGQLASFDPQGGLQNIAVVKHNLGVLTKRSNSTPATNEAPQATVFPKSPVLLGQPNTLICFVDNIFPPVINITWLRNSKSVADGVYETSFFVNRDYSFHKLSYLTFIPSDDDIYDCKVEHWGLEEPVLKHWEPEIPAPMSELTE,beta,mouse,H2-IAb,GNSERHFVVQFKGECYYTNGTQRIRLVTRYIYNREEYVRYDSDVGEYRAVTELGRPDAEYWNSQPEILERTRAEVDTACRHNYEGPETSTSLRRLEQPNVAISLSRTEALNHHNTLVCSVTDFYPAKIKVRWFRNGQEETVGVSSTQLIRNGDWTFQVLVMLEMTPHQGEVYTCHVEHPSLKSPITVEWRAQSESARSK,alpha,mouse,GDSVIQMQGQVTLSENDFLFINCTYSTTGYPTLFWYVQYSGEGPQLLLQVTTANNKGSSRGFEATYDKGTTSFHLQKTSVQEIDSAVYYCCAANSGTYQRFFGTGTKLQVVPN,beta,mouse,EAAVTQSPRNKVAVTGGKVTLSCNQTNNHNNMYWYRQDTGHGLRLIHYSYGAGSTEKGDIPDGYKASRPSQENFSLILELATPSQTSVYFCCASGDFWGDTLYFFGAGTRLSVLE,2.059999942779541,1.4900000095367432,0.8899999856948853,0.8799999952316284,0.07999999821186066,0.0,0.9200000166893005,8.05772590637207,70.05999755859375,59.279998779296875,52.939998626708984,11.0,8.0
ccf1a67acdb07f90a358256228319c56,false,RVSYYGPKTSPVQ,II,alpha,mouse,H2-IAb,EDDIEADHVGTYGISVYQSPGDIGQYTFEFDGDELFYVDLDKKETVWMLPEFGQLASFDPQGGLQNIAVVKHNLGVLTKRSNSTPATNEAPQATVFPKSPVLLGQPNTLICFVDNIFPPVINITWLRNSKSVADGVYETSFFVNRDYSFHKLSYLTFIPSDDDIYDCKVEHWGLEEPVLKHWEPEIPAPMSELTE,beta,mouse,H2-IAb,GNSERHFVVQFKGECYYTNGTQRIRLVTRYIYNREEYVRYDSDVGEYRAVTELGRPDAEYWNSQPEILERTRAEVDTACRHNYEGPETSTSLRRLEQPNVAISLSRTEALNHHNTLVCSVTDFYPAKIKVRWFRNGQEETVGVSSTQLIRNGDWTFQVLVMLEMTPHQGEVYTCHVEHPSLKSPITVEWRAQSESARSK,alpha,mouse,GEQVEQLPSILRVQEGSSASINCTYENSASNYFPWYKQEPGENPKLIIDIRSNMERKQTQGLIVLLDKKAKRFSLHITDTQPGDSAMYFCCAASRRGSGGSNYKLTFFGKGTLLTVTPN,beta,mouse,EAAVTQSPRNKVAVTGGKVTLSCNQTNNHNNMYWYRQDTGHGLRLIHYSYGAGSTEKGDIPDGYKASRPSQENFSLILELATPSQTSVYFCCASGGLGGDEQYFFGSGTRLTVLE,2.5799999237060547,1.7400000095367432,0.8899999856948853,0.8700000047683716,0.07999999821186066,0.0,0.9100000262260437,8.327606201171875,65.37999725341797,50.7599983215332,53.75,15.0,13.0
fcefc958a681aa52ba0075e9f7326114,false,LVERLYLVCGGEG,II,alpha,mouse,H2-IAb,EDDIEADHVGTYGISVYQSPGDIGQYTFEFDGDELFYVDLDKKETVWMLPEFGQLASFDPQGGLQNIAVVKHNLGVLTKRSNSTPATNEAPQATVFPKSPVLLGQPNTLICFVDNIFPPVINITWLRNSKSVADGVYETSFFVNRDYSFHKLSYLTFIPSDDDIYDCKVEHWGLEEPVLKHWEPEIPAPMSELTE,beta,mouse,H2-IAb,GNSERHFVVQFKGECYYTNGTQRIRLVTRYIYNREEYVRYDSDVGEYRAVTELGRPDAEYWNSQPEILERTRAEVDTACRHNYEGPETSTSLRRLEQPNVAISLSRTEALNHHNTLVCSVTDFYPAKIKVRWFRNGQEETVGVSSTQLIRNGDWTFQVLVMLEMTPHQGEVYTCHVEHPSLKSPITVEWRAQSESARSK,alpha,mouse,GMPVEQNPPALSLYEGADSGLRCNFSTTMKSVQWFQQNHRGRLITLFYLAQGTKENGRLKSTFNSKERYSTLHIKDAQLEDSGTYFCCAAEDGGSGNKLIFFGIGTLLSVKPN,beta,mouse,EAAVTQSPRSKVAVTGGKVTLSCHQTNNHDYMYWYRQDTGHGLRLIHYSYVADSTEKGDIPDGYKASRPSQENFSLILELASLSQTAVYFCCASSWDRAGNTLYFFGEGSRLIVVE,20.299999237060547,18.93000030517578,0.6600000262260437,0.5400000214576721,0.07999999821186066,0.0,0.6100000143051147,25.24287986755371,38.08000183105469,24.40999984741211,48.59000015258789,0.0,0.0
c47c9da3bdeefffe1aafa69fbc4cccd5,true,RVSYYGPKTSPVQ,II,alpha,mouse,H2-IAb,EDDIEADHVGTYGISVYQSPGDIGQYTFEFDGDELFYVDLDKKETVWMLPEFGQLASFDPQGGLQNIAVVKHNLGVLTKRSNSTPATNEAPQATVFPKSPVLLGQPNTLICFVDNIFPPVINITWLRNSKSVADGVYETSFFVNRDYSFHKLSYLTFIPSDDDIYDCKVEHWGLEEPVLKHWEPEIPAPMSELTE,beta,mouse,H2-IAb,GNSERHFVVQFKGECYYTNGTQRIRLVTRYIYNREEYVRYDSDVGEYRAVTELGRPDAEYWNSQPEILERTRAEVDTACRHNYEGPETSTSLRRLEQPNVAISLSRTEALNHHNTLVCSVTDFYPAKIKVRWFRNGQEETVGVSSTQLIRNGDWTFQVLVMLEMTPHQGEVYTCHVEHPSLKSPITVEWRAQSESARSK,alpha,mouse,KILTASFLLLGLHLAGVSGQQEKRDQQQVRQSPQSLTVWEGETAILNCSYENSAFDYFPWYQQFPGEGPALLISILSVSDKKEDGRFTIFFNKREKKLSLHIADSQPGDSATYFCCAASDTGANTGKLTFFGHGTILRVHPN,beta,mouse,EAAVTQSPRNKVAVTGGKVTLSCNQTNNHNNMYWYRQDTGHGLRLIHYSYGAGSTEKGDIPDGYKASRPSQENFSLILELATPSQTSVYFCCASGDFWGDTLYFFGAGTRLSVLE,5.909999847412109,2.869999885559082,0.8199999928474426,0.7699999809265137,0.10999999940395355,0.0,0.8399999737739563,11.687057495117188,53.099998474121094,36.06999969482422,52.119998931884766,4.0,0.0
dce29229e2c7e3949a3c5ef028a6c80e,false,FEAQKAKANKAVD,II,alpha,mouse,H2-IAb,EDDIEADHVGTYGISVYQSPGDIGQYTFEFDGDELFYVDLDKKETVWMLPEFGQLASFDPQGGLQNIAVVKHNLGVLTKRSNSTPATNEAPQATVFPKSPVLLGQPNTLICFVDNIFPPVINITWLRNSKSVADGVYETSFFVNRDYSFHKLSYLTFIPSDDDIYDCKVEHWGLEEPVLKHWEPEIPAPMSELTE,beta,mouse,H2-IAb,GNSERHFVVQFKGECYYTNGTQRIRLVTRYIYNREEYVRYDSDVGEYRAVTELGRPDAEYWNSQPEILERTRAEVDTACRHNYEGPETSTSLRRLEQPNVAISLSRTEALNHHNTLVCSVTDFYPAKIKVRWFRNGQEETVGVSSTQLIRNGDWTFQVLVMLEMTPHQGEVYTCHVEHPSLKSPITVEWRAQSESARSK,alpha,mouse,KILTASFLLLGLHLAGVSGQQEKRDQQQVRQSPQSLTVWEGETAILNCSYENSAFDYFPWYQQFPGEGPALLISILSVSDKKEDGRFTIFFNKREKKLSLHIADSQPGDSATYFCCAASETGANTGKLTFFGHGTILRVHPN,beta,mouse,EAAVTQSPRNKVAVTGGKVTLSCNQTNNHNNMYWYRQDTGHGLRLIHYSYGAGSTEKGDIPDGYKASRPSQENFSLILELATPSQTSVYFCCASGDFWGDTLYFFGAGTRLSVLE,6.260000228881836,2.859999895095825,0.8399999737739563,0.8100000023841858,0.10999999940395355,0.0,0.8700000047683716,10.75267505645752,56.689998626708984,40.40999984741211,53.209999084472656,5.0,0.0
4cc035e641e6ec83775fb4d2f6726e70,false,RGGASQYRPSQ,II,alpha,mouse,H2-IAb,EDDIEADHVGTYGISVYQSPGDIGQYTFEFDGDELFYVDLDKKETVWMLPEFGQLASFDPQGGLQNIAVVKHNLGVLTKRSNSTPATNEAPQATVFPKSPVLLGQPNTLICFVDNIFPPVINITWLRNSKSVADGVYETSFFVNRDYSFHKLSYLTFIPSDDDIYDCKVEHWGLEEPVLKHWEPEIPAPMSELTE,beta,mouse,H2-IAb,GNSERHFVVQFKGECYYTNGTQRIRLVTRYIYNREEYVRYDSDVGEYRAVTELGRPDAEYWNSQPEILERTRAEVDTACRHNYEGPETSTSLRRLEQPNVAISLSRTEALNHHNTLVCSVTDFYPAKIKVRWFRNGQEETVGVSSTQLIRNGDWTFQVLVMLEMTPHQGEVYTCHVEHPSLKSPITVEWRAQSESARSK,alpha,mouse,KILTASFLLLGLHLAGVSGQQEKRDQQQVRQSPQSLTVWEGETAILNCSYENSAFDYFPWYQQFPGEGPALLISILSVSDKKEDGRFTIFFNKREKKLSLHIADSQPGDSATYFCCAASDTGANTGKLTFFGHGTILRVHPN,beta,mouse,EAAVTQSPRNKVAVTGGKVTLSCNQTNNHNNMYWYRQDTGHGLRLIHYSYGAGSTEKGDIPDGYKASRPSQENFSLILELATPSQTSVYFCCASGDFWGDTLYFFGAGTRLSVLE,9.970000267028809,1.690000057220459,0.8500000238418579,0.8100000023841858,0.10999999940395355,0.0,0.8799999952316284,10.173473358154297,23.31999969482422,34.459999084472656,51.31999969482422,0.0,1.0
60b62961788b25fc5d1ef827ba70e2fb,false,LVERLYLVCGEEGA,II,alpha,mouse,H2-IAb,EDDIEADHVGTYGISVYQSPGDIGQYTFEFDGDELFYVDLDKKETVWMLPEFGQLASFDPQGGLQNIAVVKHNLGVLTKRSNSTPATNEAPQATVFPKSPVLLGQPNTLICFVDNIFPPVINITWLRNSKSVADGVYETSFFVNRDYSFHKLSYLTFIPSDDDIYDCKVEHWGLEEPVLKHWEPEIPAPMSELTE,beta,mouse,H2-IAb,GNSERHFVVQFKGECYYTNGTQRIRLVTRYIYNREEYVRYDSDVGEYRAVTELGRPDAEYWNSQPEILERTRAEVDTACRHNYEGPETSTSLRRLEQPNVAISLSRTEALNHHNTLVCSVTDFYPAKIKVRWFRNGQEETVGVSSTQLIRNGDWTFQVLVMLEMTPHQGEVYTCHVEHPSLKSPITVEWRAQSESARSK,alpha,mouse,KILTASFLLLGLHLAGVSGQQEKRDQQQVRQSPQSLTVWEGETAILNCSYENSAFDYFPWYQQFPGEGPALLISILSVSDKKEDGRFTIFFNKREKKLSLHIADSQPGDSATYFCCAASDTGANTGKLTFFGHGTILRVHPN,beta,mouse,EAAVTQSPRNKVAVTGGKVTLSCNQTNNHNNMYWYRQDTGHGLRLIHYSYGAGSTEKGDIPDGYKASRPSQENFSLILELATPSQTSVYFCCASGDFWGDTLYFFGAGTRLSVLE,10.119999885559082,1.9299999475479126,0.8399999737739563,0.8100000023841858,0.11999999731779099,0.0,0.8700000047683716,10.59554386138916,31.420000076293945,32.58000183105469,52.939998626708984,0.0,0.0
cb8517eea849c5e966b07cdfee5768c3,false,FEAQKAKANKAV,II,alpha,mouse,H2-IAb,EDDIEADHVGTYGISVYQSPGDIGQYTFEFDGDELFYVDLDKKETVWMLPEFGQLASFDPQGGLQNIAVVKHNLGVLTKRSNSTPATNEAPQATVFPKSPVLLGQPNTLICFVDNIFPPVINITWLRNSKSVADGVYETSFFVNRDYSFHKLSYLTFIPSDDDIYDCKVEHWGLEEPVLKHWEPEIPAPMSELTE,beta,mouse,H2-IAb,GNSERHFVVQFKGECYYTNGTQRIRLVTRYIYNREEYVRYDSDVGEYRAVTELGRPDAEYWNSQPEILERTRAEVDTACRHNYEGPETSTSLRRLEQPNVAISLSRTEALNHHNTLVCSVTDFYPAKIKVRWFRNGQEETVGVSSTQLIRNGDWTFQVLVMLEMTPHQGEVYTCHVEHPSLKSPITVEWRAQSESARSK,alpha,mouse,KILTASFLLLGLHLAGVSGQQEKRDQQQVRQSPQSLTVWEGETAILNCSYENSAFDYFPWYQQFPGEGPALLISILSVSDKKEDGRFTIFFNKREKKLSLHIADSQPGDSATYFCCAGIDTGANTGKLTFFGHGTILRVHPN,beta,mouse,EAAVTQSPRNKVAVTGGKVTLSCNQTNNHNNMYWYRQDTGHGLRLIHYSYGAGSTEKGDIPDGYKASRPSQENFSLILELATPSQTSVYFCCASGDFWGDTLYFFGAGTRLSVLE,8.9399995803833,1.8200000524520874,0.8500000238418579,0.8299999833106995,0.11999999731779099,0.0,0.8899999856948853,9.978118896484375,37.31999969482422,36.630001068115234,53.029998779296875,5.0,6.0
8655768bbfdd8ff2b713f32792dbccf4,false,GAMKRHGLDNYRGYSLG,II,alpha,mouse,H2-IAb,EDDIEADHVGTYGISVYQSPGDIGQYTFEFDGDELFYVDLDKKETVWMLPEFGQLASFDPQGGLQNIAVVKHNLGVLTKRSNSTPATNEAPQATVFPKSPVLLGQPNTLICFVDNIFPPVINITWLRNSKSVADGVYETSFFVNRDYSFHKLSYLTFIPSDDDIYDCKVEHWGLEEPVLKHWEPEIPAPMSELTE,beta,mouse,H2-IAb,GNSERHFVVQFKGECYYTNGTQRIRLVTRYIYNREEYVRYDSDVGEYRAVTELGRPDAEYWNSQPEILERTRAEVDTACRHNYEGPETSTSLRRLEQPNVAISLSRTEALNHHNTLVCSVTDFYPAKIKVRWFRNGQEETVGVSSTQLIRNGDWTFQVLVMLEMTPHQGEVYTCHVEHPSLKSPITVEWRAQSESARSK,alpha,mouse,KILTASFLLLGLHLAGVSGQQEKRDQQQVRQSPQSLTVWEGETAILNCSYENSAFDYFPWYQQFPGEGPALLISILSVSDKKEDGRFTIFFNKREKKLSLHIADSQPGDSATYFCCAASVTGANTGKLTFFGHGTILRVHPN,beta,mouse,EAAVTQSPRNKVAVTGGKVTLSCNQTNNHNNMYWYRQDTGHGLRLIHYSYGAGSTEKGDIPDGYKASRPSQENFSLILELATPSQTSVYFCCASGDFWGDTLYFFGAGTRLSVLE,5.039999961853027,2.940000057220459,0.8299999833106995,0.7900000214576721,0.11999999731779099,0.0,0.8600000143051147,11.335264205932617,54.13999938964844,40.47999954223633,53.77000045776367,4.0,0.0
c44faf91d7ed60bc13cb4689fd2e42ee,false,RGGASQYRPSQ,II,alpha,mouse,H2-IAb,EDDIEADHVGTYGISVYQSPGDIGQYTFEFDGDELFYVDLDKKETVWMLPEFGQLASFDPQGGLQNIAVVKHNLGVLTKRSNSTPATNEAPQATVFPKSPVLLGQPNTLICFVDNIFPPVINITWLRNSKSVADGVYETSFFVNRDYSFHKLSYLTFIPSDDDIYDCKVEHWGLEEPVLKHWEPEIPAPMSELTE,beta,mouse,H2-IAb,GNSERHFVVQFKGECYYTNGTQRIRLVTRYIYNREEYVRYDSDVGEYRAVTELGRPDAEYWNSQPEILERTRAEVDTACRHNYEGPETSTSLRRLEQPNVAISLSRTEALNHHNTLVCSVTDFYPAKIKVRWFRNGQEETVGVSSTQLIRNGDWTFQVLVMLEMTPHQGEVYTCHVEHPSLKSPITVEWRAQSESARSK,alpha,mouse,GMPVEQNPPALSLYEGADSGLRCNFSTTMKSVQWFQQNHRGRLITLFYLAQGTKENGRLKSTFNSKERYSTLHIKDAQLEDSGTYFCCAAEDGGSGNKLIFFGIGTLLSVKPN,beta,mouse,EAAVTQSPRSKVAVTGGKVTLSCHQTNNHDYMYWYRQDTGHGLRLIHYSYVADSTEKGDIPDGYKASRPSQENFSLILELASLSQTAVYFCCASSWDRAGNTLYFFGEGSRLIVVE,12.720000267028809,4.210000038146973,0.8199999928474426,0.7699999809265137,0.07999999821186066,0.0,0.8199999928474426,12.083450317382812,21.719999313354492,32.849998474121094,52.95000076293945,0.0,0.0
9fc93a9488f1dca3528fc693de214f45,false,GAMKRHGLDNYRGYSLG,II,alpha,mouse,H2-IAb,EDDIEADHVGTYGISVYQSPGDIGQYTFEFDGDELFYVDLDKKETVWMLPEFGQLASFDPQGGLQNIAVVKHNLGVLTKRSNSTPATNEAPQATVFPKSPVLLGQPNTLICFVDNIFPPVINITWLRNSKSVADGVYETSFFVNRDYSFHKLSYLTFIPSDDDIYDCKVEHWGLEEPVLKHWEPEIPAPMSELTE,beta,mouse,H2-IAb,GNSERHFVVQFKGECYYTNGTQRIRLVTRYIYNREEYVRYDSDVGEYRAVTELGRPDAEYWNSQPEILERTRAEVDTACRHNYEGPETSTSLRRLEQPNVAISLSRTEALNHHNTLVCSVTDFYPAKIKVRWFRNGQEETVGVSSTQLIRNGDWTFQVLVMLEMTPHQGEVYTCHVEHPSLKSPITVEWRAQSESARSK,alpha,mouse,GDSVTQTEGQVALSEEDFLTIHCNYSASGYPALFWYVQYPGEGPQFLFRASRDKEKGSSRGFEATYDKGTTSFHLRKASVQESDSAVYYCCALVISNTNKVVFFGTGTRLQVSPN,beta,mouse,EAAVTQSPRSKVAVTGGKVTLSCHQTNNHDYMYWYRQDTGHGLRLIHYSYVADSTEKGDIPDGYKASRPSQENFSLILELASLSQTAVYFCCASIDSSGNTLYFFGEGSRLIVVE,8.0,7.019999980926514,0.7599999904632568,0.699999988079071,0.07999999821186066,0.0,0.75,14.941939353942871,52.060001373291016,37.099998474121094,46.16999816894531,4.0,0.0
6d671c3684fd9cdb92827c07c83a7397,false,FEAQKAKANKAV,II,alpha,mouse,H2-IAb,EDDIEADHVGTYGISVYQSPGDIGQYTFEFDGDELFYVDLDKKETVWMLPEFGQLASFDPQGGLQNIAVVKHNLGVLTKRSNSTPATNEAPQATVFPKSPVLLGQPNTLICFVDNIFPPVINITWLRNSKSVADGVYETSFFVNRDYSFHKLSYLTFIPSDDDIYDCKVEHWGLEEPVLKHWEPEIPAPMSELTE,beta,mouse,H2-IAb,GNSERHFVVQFKGECYYTNGTQRIRLVTRYIYNREEYVRYDSDVGEYRAVTELGRPDAEYWNSQPEILERTRAEVDTACRHNYEGPETSTSLRRLEQPNVAISLSRTEALNHHNTLVCSVTDFYPAKIKVRWFRNGQEETVGVSSTQLIRNGDWTFQVLVMLEMTPHQGEVYTCHVEHPSLKSPITVEWRAQSESARSK,alpha,mouse,KILTASFLLLGLHLAGVSGQQEKRDQQQVRQSPQSLTVWEGETAILNCSYENSAFDYFPWYQQFPGEGPALLISILSVSDKKEDGRFTIFFNKREKKLSLHIADSQPGDSATYFCCAASATGANTGKLTFFGHGTILRVHPN,beta,mouse,EAAVTQSPRNKVAVTGGKVTLSCNQTNNHNNMYWYRQDTGHGLRLIHYSYGAGSTEKGDIPDGYKASRPSQENFSLILELATPSQTSVYFCCASGDFWGDTLYFFGAGTRLSVLE,8.039999961853027,1.7799999713897705,0.8600000143051147,0.8299999833106995,0.11999999731779099,0.0,0.8999999761581421,9.702749252319336,27.6299991607666,36.02000045776367,51.13999938964844,8.0,9.0
b07bc54c9251a4d45e8cb4b609717a04,false,RVSYYGPKTSPVQ,II,alpha,mouse,H2-IAb,EDDIEADHVGTYGISVYQSPGDIGQYTFEFDGDELFYVDLDKKETVWMLPEFGQLASFDPQGGLQNIAVVKHNLGVLTKRSNSTPATNEAPQATVFPKSPVLLGQPNTLICFVDNIFPPVINITWLRNSKSVADGVYETSFFVNRDYSFHKLSYLTFIPSDDDIYDCKVEHWGLEEPVLKHWEPEIPAPMSELTE,beta,mouse,H2-IAb,GNSERHFVVQFKGECYYTNGTQRIRLVTRYIYNREEYVRYDSDVGEYRAVTELGRPDAEYWNSQPEILERTRAEVDTACRHNYEGPETSTSLRRLEQPNVAISLSRTEALNHHNTLVCSVTDFYPAKIKVRWFRNGQEETVGVSSTQLIRNGDWTFQVLVMLEMTPHQGEVYTCHVEHPSLKSPITVEWRAQSESARSK,alpha,mouse,GDSVTQTEGQVALSEEDFLTIHCNYSASGYPALFWYVQYPGEGPQFLFRASRDKEKGSSRGFEATYDKGTTSFHLRKASVQESDSAVYYCCALVISNTNKVVFFGTGTRLQVSPN,beta,mouse,EAAVTQSPRSKVAVTGGKVTLSCHQTNNHDYMYWYRQDTGHGLRLIHYSYVADSTEKGDIPDGYKASRPSQENFSLILELASLSQTAVYFCCASIDSSGNTLYFFGEGSRLIVVE,2.6600000858306885,1.75,0.8600000143051147,0.8399999737739563,0.07999999821186066,0.0,0.8799999952316284,9.160879135131836,61.349998474121094,40.369998931884766,53.59000015258789,9.0,1.0
026d7138884e27bd2a3e78a14c9d58d5,false,VSYYGPKTSPVQ,II,alpha,mouse,H2-IAb,EDDIEADHVGTYGISVYQSPGDIGQYTFEFDGDELFYVDLDKKETVWMLPEFGQLASFDPQGGLQNIAVVKHNLGVLTKRSNSTPATNEAPQATVFPKSPVLLGQPNTLICFVDNIFPPVINITWLRNSKSVADGVYETSFFVNRDYSFHKLSYLTFIPSDDDIYDCKVEHWGLEEPVLKHWEPEIPAPMSELTE,beta,mouse,H2-IAb,GNSERHFVVQFKGECYYTNGTQRIRLVTRYIYNREEYVRYDSDVGEYRAVTELGRPDAEYWNSQPEILERTRAEVDTACRHNYEGPETSTSLRRLEQPNVAISLSRTEALNHHNTLVCSVTDFYPAKIKVRWFRNGQEETVGVSSTQLIRNGDWTFQVLVMLEMTPHQGEVYTCHVEHPSLKSPITVEWRAQSESARSK,alpha,mouse,KILTASFLLLGLHLAGVSGQQQEKRDQQQVRQSPQSLTVWEGETAILNCSYEDSTFDYFPWYWQFPRESPALLIAIRPVSNKKEDGRFTIFFNKREKKLSLHITDSQPGDSATYFCCAASDNRIFFFGDGTQLVVKPN,beta,mouse,EAAVTQSPRNKVAVTGGKVTLSCNQTNNHNNMYWYRQDTGHGLRLIHYSYGAGSTEKGDIPDGYKASRPSQENFSLILELATPSQTSVYFCCASGDAWGYEQYFFGPGTRLTVLE,6.090000152587891,2.059999942779541,0.8299999833106995,0.7900000214576721,0.10999999940395355,0.0,0.8500000238418579,10.833731651306152,56.09000015258789,33.310001373291016,51.959999084472656,3.0,1.0
67adf98304a5687762ef4f45a9806923,false,LVERLYLVCGEEGA,II,alpha,mouse,H2-IAb,EDDIEADHVGTYGISVYQSPGDIGQYTFEFDGDELFYVDLDKKETVWMLPEFGQLASFDPQGGLQNIAVVKHNLGVLTKRSNSTPATNEAPQATVFPKSPVLLGQPNTLICFVDNIFPPVINITWLRNSKSVADGVYETSFFVNRDYSFHKLSYLTFIPSDDDIYDCKVEHWGLEEPVLKHWEPEIPAPMSELTE,beta,mouse,H2-IAb,GNSERHFVVQFKGECYYTNGTQRIRLVTRYIYNREEYVRYDSDVGEYRAVTELGRPDAEYWNSQPEILERTRAEVDTACRHNYEGPETSTSLRRLEQPNVAISLSRTEALNHHNTLVCSVTDFYPAKIKVRWFRNGQEETVGVSSTQLIRNGDWTFQVLVMLEMTPHQGEVYTCHVEHPSLKSPITVEWRAQSESARSK,alpha,mouse,GMPVEQNPPALSLYEGADSGLRCNFSTTMKSVQWFQQNHRGRLITLFYLAQGTKENGRLKSTFNSKERYSTLHIKDAQLEDSGTYFCCAAEDGGSGNKLIFFGIGTLLSVKPN,beta,mouse,EAAVTQSPRSKVAVTGGKVTLSCHQTNNHDYMYWYRQDTGHGLRLIHYSYVADSTEKGDIPDGYKASRPSQENFSLILELASLSQTAVYFCCASSWDRAGNTLYFFGEGSRLIVVE,5.599999904632568,3.0999999046325684,0.8299999833106995,0.800000011920929,0.07999999821186066,0.0,0.8399999737739563,11.510062217712402,64.4000015258789,34.4900016784668,52.93000030517578,5.0,0.0
a83a930cb037911a931c464aaeec5a57,false,LVERLYLVCGEEGA,II,alpha,mouse,H2-IAb,EDDIEADHVGTYGISVYQSPGDIGQYTFEFDGDELFYVDLDKKETVWMLPEFGQLASFDPQGGLQNIAVVKHNLGVLTKRSNSTPATNEAPQATVFPKSPVLLGQPNTLICFVDNIFPPVINITWLRNSKSVADGVYETSFFVNRDYSFHKLSYLTFIPSDDDIYDCKVEHWGLEEPVLKHWEPEIPAPMSELTE,beta,mouse,H2-IAb,GNSERHFVVQFKGECYYTNGTQRIRLVTRYIYNREEYVRYDSDVGEYRAVTELGRPDAEYWNSQPEILERTRAEVDTACRHNYEGPETSTSLRRLEQPNVAISLSRTEALNHHNTLVCSVTDFYPAKIKVRWFRNGQEETVGVSSTQLIRNGDWTFQVLVMLEMTPHQGEVYTCHVEHPSLKSPITVEWRAQSESARSK,alpha,mouse,KILTASFLLLGLHLAGVSGQQEKRDQQQVRQSPQSLTVWEGETAILNCSYENSAFDYFPWYQQFPGEGPALLISILSVSDKKEDGRFTIFFNKREKKLSLHIADSQPGDSATYFCCAASKGADRLTFFGKGTQLIIQPY,beta,mouse,EAAVTQSPRNKVAVTGGKVTLSCNQTNNHNNMYWYRQDTGHGLRLIHYSYGAGSTEKGDIPDGYKASRPSQENFSLILELATPSQTSVYFCCASGDFWGDTLYFFGAGTRLSVLE,4.949999809265137,2.2799999713897705,0.8399999737739563,0.8100000023841858,0.10999999940395355,0.0,0.8700000047683716,10.513944625854492,60.459999084472656,39.400001525878906,54.29999923706055,9.0,0.0
2a13e8a50ad6c1980e0d55a911ffe418,false,LVERLYLVCGEEGA,II,alpha,mouse,H2-IAb,EDDIEADHVGTYGISVYQSPGDIGQYTFEFDGDELFYVDLDKKETVWMLPEFGQLASFDPQGGLQNIAVVKHNLGVLTKRSNSTPATNEAPQATVFPKSPVLLGQPNTLICFVDNIFPPVINITWLRNSKSVADGVYETSFFVNRDYSFHKLSYLTFIPSDDDIYDCKVEHWGLEEPVLKHWEPEIPAPMSELTE,beta,mouse,H2-IAb,GNSERHFVVQFKGECYYTNGTQRIRLVTRYIYNREEYVRYDSDVGEYRAVTELGRPDAEYWNSQPEILERTRAEVDTACRHNYEGPETSTSLRRLEQPNVAISLSRTEALNHHNTLVCSVTDFYPAKIKVRWFRNGQEETVGVSSTQLIRNGDWTFQVLVMLEMTPHQGEVYTCHVEHPSLKSPITVEWRAQSESARSK,alpha,mouse,GDSVTQTEGQVALSEEDFLTIHCNYSASGYPALFWYVQYPGEGPQFLFRASRDKEKGSSRGFEATYNKEATSFHLQKASVQESDSAVYYCCALSENYGNEKITFFGAGTKLTIKPN,beta,mouse,EAAVTQSPRNKVAVTGGKVTLSCNQTNNHNNMYWYRQDTGHGLRLIHYSYGAGSTEKGDIPDGYKASRPSQENFSLILELATPSQTSVYFCCASGDASGAETLYFFGSGTRLTVLE,8.319999694824219,3.119999885559082,0.8299999833106995,0.7900000214576721,0.07999999821186066,0.0,0.8399999737739563,10.957037925720215,59.95000076293945,34.150001525878906,49.689998626708984,5.0,1.0
